block_id	seq_id	bin_id	start	end	seq_id2	bin_id2	start2	end2	strand	colour_block				
1	CP020779.1	GCA_002234715.1_ASM223471v1_genomic.fna	203	119476	CP020665.1	GCA_002234675.1_ASM223467v1_genomic.fna	179900	295423	+	CP020779.1	1			
3	CP020779.1	GCA_002234715.1_ASM223471v1_genomic.fna	134471	367933	CP020665.1	GCA_002234675.1_ASM223467v1_genomic.fna	332656	630010	+	CP020779.1	1			
4	CP020779.1	GCA_002234715.1_ASM223471v1_genomic.fna	369214	728171	CP020665.1	GCA_002234675.1_ASM223467v1_genomic.fna	843493	1208535	+	CP020779.1	1			
8	CP020779.1	GCA_002234715.1_ASM223471v1_genomic.fna	744583	1365077	CP020665.1	GCA_002234675.1_ASM223467v1_genomic.fna	1267683	1947034	+	CP020779.1	1			
9	CP020779.1	GCA_002234715.1_ASM223471v1_genomic.fna	1370101	1551669	CP020665.1	GCA_002234675.1_ASM223467v1_genomic.fna	2004361	2182491	+	CP020779.1	1			
11	CP020779.1	GCA_002234715.1_ASM223471v1_genomic.fna	1552437	2523299	CP020665.1	GCA_002234675.1_ASM223467v1_genomic.fna	2194447	3199189	+	CP020779.1	1			
14	CP020779.1	GCA_002234715.1_ASM223471v1_genomic.fna	2530107	3151557	CP020665.1	GCA_002234675.1_ASM223467v1_genomic.fna	3268660	3912525	+	CP020779.1	1			
16	CP020779.1	GCA_002234715.1_ASM223471v1_genomic.fna	3151611	3436715	CP020665.1	GCA_002234675.1_ASM223467v1_genomic.fna	3920672	4210214	+	CP020779.1	1			
17	CP020779.1	GCA_002234715.1_ASM223471v1_genomic.fna	3437774	4054812	CP020665.1	GCA_002234675.1_ASM223467v1_genomic.fna	4263652	4890875	+	CP020779.1	1			
19	CP020779.1	GCA_002234715.1_ASM223471v1_genomic.fna	4057231	6504243	CP020665.1	GCA_002234675.1_ASM223467v1_genomic.fna	4894918	7365341	+	CP020779.1	1			
21	CP020779.1	GCA_002234715.1_ASM223471v1_genomic.fna	6504511	14099144	CP020665.1	GCA_002234675.1_ASM223467v1_genomic.fna	7370927	14986344	+	CP020779.1	1			
23	CP020779.1	GCA_002234715.1_ASM223471v1_genomic.fna	14105171	15360289	CP020665.1	GCA_002234675.1_ASM223467v1_genomic.fna	15015852	16253030	+	CP020779.1	1			
25	CP020779.1	GCA_002234715.1_ASM223471v1_genomic.fna	15402952	15749846	CP020665.1	GCA_002234675.1_ASM223467v1_genomic.fna	16354867	16715225	+	CP020779.1	1			
27	CP020779.1	GCA_002234715.1_ASM223471v1_genomic.fna	15875776	16560590	CP020665.1	GCA_002234675.1_ASM223467v1_genomic.fna	16775822	17482041	+	CP020779.1	1			
30	CP020779.1	GCA_002234715.1_ASM223471v1_genomic.fna	16587195	20729015	CP020665.1	GCA_002234675.1_ASM223467v1_genomic.fna	17628345	21714911	+	CP020779.1	1			
32	CP020779.1	GCA_002234715.1_ASM223471v1_genomic.fna	20729070	22241288	CP020665.1	GCA_002234675.1_ASM223467v1_genomic.fna	21720254	23211769	+	CP020779.1	1			
34	CP020779.1	GCA_002234715.1_ASM223471v1_genomic.fna	22241798	22612305	CP020665.1	GCA_002234675.1_ASM223467v1_genomic.fna	23219167	23583166	+	CP020779.1	1			
35	CP020779.1	GCA_002234715.1_ASM223471v1_genomic.fna	22529154	24137131	CP020665.1	GCA_002234675.1_ASM223467v1_genomic.fna	23586199	25139286	+	CP020779.1	1			
37	CP020779.1	GCA_002234715.1_ASM223471v1_genomic.fna	24138105	24429337	CP020665.1	GCA_002234675.1_ASM223467v1_genomic.fna	25145486	25401661	+	CP020779.1	1			
39	CP020779.1	GCA_002234715.1_ASM223471v1_genomic.fna	24429682	24534555	CP020665.1	GCA_002234675.1_ASM223467v1_genomic.fna	25435293	25552982	+	CP020779.1	1		24534555	25552982
50	CP020779.1	GCA_002234715.1_ASM223471v1_genomic.fna	24581344	24719284	CP020665.1	GCA_002234675.1_ASM223467v1_genomic.fna	26263351	26413422	+	CP020779.1	1			25960000
51	CP020779.1	GCA_002234715.1_ASM223471v1_genomic.fna	24805640	24990797	CP020665.1	GCA_002234675.1_ASM223467v1_genomic.fna	26568040	26749384	+	CP020779.1	1		24581344	26263351
53	CP020779.1	GCA_002234715.1_ASM223471v1_genomic.fna	24990899	25464655	CP020665.1	GCA_002234675.1_ASM223467v1_genomic.fna	26755244	27205471	+	CP020779.1	1			
54	CP020779.1	GCA_002234715.1_ASM223471v1_genomic.fna	25516496	25848184	CP020665.1	GCA_002234675.1_ASM223467v1_genomic.fna	27206623	27526098	+	CP020779.1	1			
56	CP020779.1	GCA_002234715.1_ASM223471v1_genomic.fna	25848344	25992111	CP020665.1	GCA_002234675.1_ASM223467v1_genomic.fna	27531540	27677495	+	CP020779.1	1			
57	CP020779.1	GCA_002234715.1_ASM223471v1_genomic.fna	25993221	26420694	CP020665.1	GCA_002234675.1_ASM223467v1_genomic.fna	28055864	28499200	+	CP020779.1	1			
58	CP020779.1	GCA_002234715.1_ASM223471v1_genomic.fna	26618214	27650910	CP020665.1	GCA_002234675.1_ASM223467v1_genomic.fna	28502096	29548455	+	CP020779.1	1			
60	CP020779.1	GCA_002234715.1_ASM223471v1_genomic.fna	27657666	29301848	CP020665.1	GCA_002234675.1_ASM223467v1_genomic.fna	29588207	31231676	+	CP020779.1	1			
62	CP020779.1	GCA_002234715.1_ASM223471v1_genomic.fna	29303449	29453592	CP020665.1	GCA_002234675.1_ASM223467v1_genomic.fna	31233267	31389750	+	CP020779.1	1			
65	CP020779.1	GCA_002234715.1_ASM223471v1_genomic.fna	29504167	30118766	CP020665.1	GCA_002234675.1_ASM223467v1_genomic.fna	31600323	32270122	+	CP020779.1	1			
66	CP020779.1	GCA_002234715.1_ASM223471v1_genomic.fna	30119097	30275708	CP020665.1	GCA_002234675.1_ASM223467v1_genomic.fna	32328589	32504020	+	CP020779.1	1			
73	CP020779.1	GCA_002234715.1_ASM223471v1_genomic.fna	30505048	30804101	CP020665.1	GCA_002234675.1_ASM223467v1_genomic.fna	32699726	32963940	+	CP020779.1	1			
74	CP020779.1	GCA_002234715.1_ASM223471v1_genomic.fna	31030883	31490466	CP020665.1	GCA_002234675.1_ASM223467v1_genomic.fna	32967034	33441578	+	CP020779.1	1			
76	CP020779.1	GCA_002234715.1_ASM223471v1_genomic.fna	31490511	31980168	CP020665.1	GCA_002234675.1_ASM223467v1_genomic.fna	33445711	33990347	+	CP020779.1	1			
83	CP020779.1	GCA_002234715.1_ASM223471v1_genomic.fna	32105347	33966046	CP020665.1	GCA_002234675.1_ASM223467v1_genomic.fna	34536981	36555586	+	CP020779.1	1			
85	CP020779.1	GCA_002234715.1_ASM223471v1_genomic.fna	33968051	34229567	CP020665.1	GCA_002234675.1_ASM223467v1_genomic.fna	36560600	36854626	+	CP020779.1	1			
86	CP020779.1	GCA_002234715.1_ASM223471v1_genomic.fna	34249634	34399739	CP020665.1	GCA_002234675.1_ASM223467v1_genomic.fna	36958000	37114771	+	CP020779.1	1			
87	CP020779.1	GCA_002234715.1_ASM223471v1_genomic.fna	34409828	34602407	CP020665.1	GCA_002234675.1_ASM223467v1_genomic.fna	37196932	37459386	+	CP020779.1	1			
90	CP020780.1	GCA_002234715.1_ASM223471v1_genomic.fna	4723	365574	CP020666.1	GCA_002234675.1_ASM223467v1_genomic.fna	50492	433040	+	CP020780.1	2			
95	CP020780.1	GCA_002234715.1_ASM223471v1_genomic.fna	367542	943551	CP020666.1	GCA_002234675.1_ASM223467v1_genomic.fna	817274	1383165	+	CP020780.1	2			
101	CP020780.1	GCA_002234715.1_ASM223471v1_genomic.fna	1452472	1710520	CP020666.1	GCA_002234675.1_ASM223467v1_genomic.fna	1621219	1843716	+	CP020780.1	2			
103	CP020780.1	GCA_002234715.1_ASM223471v1_genomic.fna	1748566	2198028	CP020666.1	GCA_002234675.1_ASM223467v1_genomic.fna	1906967	2349056	+	CP020780.1	2			
105	CP020780.1	GCA_002234715.1_ASM223471v1_genomic.fna	2200317	3957555	CP020666.1	GCA_002234675.1_ASM223467v1_genomic.fna	2351463	4089005	+	CP020780.1	2			
108	CP020780.1	GCA_002234715.1_ASM223471v1_genomic.fna	3885760	4419193	CP020666.1	GCA_002234675.1_ASM223467v1_genomic.fna	4363402	4833259	+	CP020780.1	2			
118	CP020780.1	GCA_002234715.1_ASM223471v1_genomic.fna	4903093	5227855	CP020666.1	GCA_002234675.1_ASM223467v1_genomic.fna	5964198	6321571	+	CP020780.1	2			
124	CP020780.1	GCA_002234715.1_ASM223471v1_genomic.fna	5457605	5919331	CP020666.1	GCA_002234675.1_ASM223467v1_genomic.fna	6711564	7165898	+	CP020780.1	2			
125	CP020780.1	GCA_002234715.1_ASM223471v1_genomic.fna	5884458	6035588	CP020666.1	GCA_002234675.1_ASM223467v1_genomic.fna	7240283	7373792	+	CP020780.1	2			
126	CP020780.1	GCA_002234715.1_ASM223471v1_genomic.fna	6037191	6343547	CP020666.1	GCA_002234675.1_ASM223467v1_genomic.fna	7425950	7738165	+	CP020780.1	2			
128	CP020780.1	GCA_002234715.1_ASM223471v1_genomic.fna	6451871	6788993	CP020666.1	GCA_002234675.1_ASM223467v1_genomic.fna	7832306	8190616	+	CP020780.1	2			
132	CP020780.1	GCA_002234715.1_ASM223471v1_genomic.fna	7038366	7662997	CP020666.1	GCA_002234675.1_ASM223467v1_genomic.fna	8695847	9383442	+	CP020780.1	2			
134	CP020780.1	GCA_002234715.1_ASM223471v1_genomic.fna	7703221	7925537	CP020666.1	GCA_002234675.1_ASM223467v1_genomic.fna	9399382	9707825	+	CP020780.1	2			
137	CP020780.1	GCA_002234715.1_ASM223471v1_genomic.fna	7925603	8166164	CP020666.1	GCA_002234675.1_ASM223467v1_genomic.fna	9825002	10033155	+	CP020780.1	2			
138	CP020780.1	GCA_002234715.1_ASM223471v1_genomic.fna	8135042	8491732	CP020666.1	GCA_002234675.1_ASM223467v1_genomic.fna	10052290	10403340	+	CP020780.1	2			
140	CP020780.1	GCA_002234715.1_ASM223471v1_genomic.fna	8513305	9309033	CP020666.1	GCA_002234675.1_ASM223467v1_genomic.fna	10434600	11243305	+	CP020780.1	2			
141	CP020780.1	GCA_002234715.1_ASM223471v1_genomic.fna	9370548	9683138	CP020666.1	GCA_002234675.1_ASM223467v1_genomic.fna	11243765	11593831	+	CP020780.1	2			
142	CP020780.1	GCA_002234715.1_ASM223471v1_genomic.fna	9695241	9805088	CP020666.1	GCA_002234675.1_ASM223467v1_genomic.fna	11842297	12004034	+	CP020780.1	2			
143	CP020780.1	GCA_002234715.1_ASM223471v1_genomic.fna	9824599	9947456	CP020666.1	GCA_002234675.1_ASM223467v1_genomic.fna	12122618	12270146	+	CP020780.1	2			
145	CP020780.1	GCA_002234715.1_ASM223471v1_genomic.fna	9972916	12805286	CP020666.1	GCA_002234675.1_ASM223467v1_genomic.fna	12284273	15092878	+	CP020780.1	2			
146	CP020780.1	GCA_002234715.1_ASM223471v1_genomic.fna	13094331	13486541	CP020666.1	GCA_002234675.1_ASM223467v1_genomic.fna	15092988	15477271	+	CP020780.1	2			
147	CP020780.1	GCA_002234715.1_ASM223471v1_genomic.fna	12810092	13090514	CP020666.1	GCA_002234675.1_ASM223467v1_genomic.fna	15563041	15841130	-	CP020780.1	2			
148	CP020780.1	GCA_002234715.1_ASM223471v1_genomic.fna	13487614	14749737	CP020666.1	GCA_002234675.1_ASM223467v1_genomic.fna	15847307	17166549	+	CP020780.1	2			
149	CP020780.1	GCA_002234715.1_ASM223471v1_genomic.fna	14773886	16268639	CP020666.1	GCA_002234675.1_ASM223467v1_genomic.fna	17291736	18824777	+	CP020780.1	2			
151	CP020780.1	GCA_002234715.1_ASM223471v1_genomic.fna	16269471	16563182	CP020666.1	GCA_002234675.1_ASM223467v1_genomic.fna	18833294	19133291	+	CP020780.1	2			
153	CP020780.1	GCA_002234715.1_ASM223471v1_genomic.fna	16571078	17184864	CP020666.1	GCA_002234675.1_ASM223467v1_genomic.fna	19139075	19740090	+	CP020780.1	2			
154	CP020780.1	GCA_002234715.1_ASM223471v1_genomic.fna	17188585	20488177	CP020666.1	GCA_002234675.1_ASM223467v1_genomic.fna	19805476	23193142	+	CP020780.1	2			
156	CP020780.1	GCA_002234715.1_ASM223471v1_genomic.fna	20488344	21260322	CP020666.1	GCA_002234675.1_ASM223467v1_genomic.fna	23206582	24020598	+	CP020780.1	2			
157	CP020780.1	GCA_002234715.1_ASM223471v1_genomic.fna	21423780	21621856	CP020666.1	GCA_002234675.1_ASM223467v1_genomic.fna	24101404	24313287	+	CP020780.1	2			
172	CP020800.1	GCA_002234715.1_ASM223471v1_genomic.fna	27222239	27463561	CP020667.1	GCA_002234675.1_ASM223467v1_genomic.fna	125372	389408	+	CP020800.1	3			
175	CP020781.1	GCA_002234715.1_ASM223471v1_genomic.fna	154097	319656	CP020667.1	GCA_002234675.1_ASM223467v1_genomic.fna	493745	621971	+	CP020781.1	3			
177	CP020781.1	GCA_002234715.1_ASM223471v1_genomic.fna	325001	579202	CP020667.1	GCA_002234675.1_ASM223467v1_genomic.fna	792459	1043780	+	CP020781.1	3			
179	CP020781.1	GCA_002234715.1_ASM223471v1_genomic.fna	582761	1044836	CP020667.1	GCA_002234675.1_ASM223467v1_genomic.fna	1077091	1562305	+	CP020781.1	3			
185	CP020781.1	GCA_002234715.1_ASM223471v1_genomic.fna	1051568	1203455	CP020667.1	GCA_002234675.1_ASM223467v1_genomic.fna	1855052	1963393	+	CP020781.1	3			
187	CP020781.1	GCA_002234715.1_ASM223471v1_genomic.fna	1324659	2033894	CP020667.1	GCA_002234675.1_ASM223467v1_genomic.fna	2082983	2828962	+	CP020781.1	3			
189	CP020781.1	GCA_002234715.1_ASM223471v1_genomic.fna	2269215	2403360	CP020667.1	GCA_002234675.1_ASM223467v1_genomic.fna	2847468	3003392	+	CP020781.1	3			
191	CP020781.1	GCA_002234715.1_ASM223471v1_genomic.fna	2406233	2730137	CP020667.1	GCA_002234675.1_ASM223467v1_genomic.fna	3021482	3325409	+	CP020781.1	3			
193	CP020781.1	GCA_002234715.1_ASM223471v1_genomic.fna	2758969	3484251	CP020667.1	GCA_002234675.1_ASM223467v1_genomic.fna	3421711	4223807	+	CP020781.1	3			
195	CP020781.1	GCA_002234715.1_ASM223471v1_genomic.fna	3497287	4640371	CP020667.1	GCA_002234675.1_ASM223467v1_genomic.fna	4234670	5453947	+	CP020781.1	3			
198	CP020781.1	GCA_002234715.1_ASM223471v1_genomic.fna	4803731	5879143	CP020667.1	GCA_002234675.1_ASM223467v1_genomic.fna	5589306	6623796	+	CP020781.1	3			
200	CP020781.1	GCA_002234715.1_ASM223471v1_genomic.fna	5899015	6377254	CP020667.1	GCA_002234675.1_ASM223467v1_genomic.fna	6632887	7128907	+	CP020781.1	3			
209	CP020781.1	GCA_002234715.1_ASM223471v1_genomic.fna	6484218	7258327	CP020667.1	GCA_002234675.1_ASM223467v1_genomic.fna	7694002	8473774	+	CP020781.1	3			
211	CP020781.1	GCA_002234715.1_ASM223471v1_genomic.fna	7266085	7654684	CP020667.1	GCA_002234675.1_ASM223467v1_genomic.fna	8479365	8865430	+	CP020781.1	3			
213	CP020781.1	GCA_002234715.1_ASM223471v1_genomic.fna	7654793	8186369	CP020667.1	GCA_002234675.1_ASM223467v1_genomic.fna	8870395	9358638	+	CP020781.1	3			
216	CP020781.1	GCA_002234715.1_ASM223471v1_genomic.fna	8281806	10148384	CP020667.1	GCA_002234675.1_ASM223467v1_genomic.fna	9622605	11511653	+	CP020781.1	3			
218	CP020781.1	GCA_002234715.1_ASM223471v1_genomic.fna	10148754	10379885	CP020667.1	GCA_002234675.1_ASM223467v1_genomic.fna	11517513	11778927	+	CP020781.1	3			
220	CP020781.1	GCA_002234715.1_ASM223471v1_genomic.fna	10379979	12611747	CP020667.1	GCA_002234675.1_ASM223467v1_genomic.fna	11790311	14087239	+	CP020781.1	3			
223	CP020781.1	GCA_002234715.1_ASM223471v1_genomic.fna	12687841	22564290	CP020667.1	GCA_002234675.1_ASM223467v1_genomic.fna	14139512	24059824	+	CP020781.1	3			
229	CP020781.1	GCA_002234715.1_ASM223471v1_genomic.fna	22648449	24562511	CP020667.1	GCA_002234675.1_ASM223467v1_genomic.fna	24136303	26090486	+	CP020781.1	3			
231	CP020781.1	GCA_002234715.1_ASM223471v1_genomic.fna	24565535	29501996	CP020667.1	GCA_002234675.1_ASM223467v1_genomic.fna	26093232	31036785	+	CP020781.1	3			
233	CP020781.1	GCA_002234715.1_ASM223471v1_genomic.fna	29504366	33007780	CP020667.1	GCA_002234675.1_ASM223467v1_genomic.fna	31039509	34520445	+	CP020781.1	3			
237	CP020781.1	GCA_002234715.1_ASM223471v1_genomic.fna	33065477	33426246	CP020667.1	GCA_002234675.1_ASM223467v1_genomic.fna	34575287	34934613	+	CP020781.1	3			
239	CP020781.1	GCA_002234715.1_ASM223471v1_genomic.fna	33438272	35004554	CP020667.1	GCA_002234675.1_ASM223467v1_genomic.fna	34939051	36556561	+	CP020781.1	3			
243	CP020781.1	GCA_002234715.1_ASM223471v1_genomic.fna	35011985	35681630	CP020667.1	GCA_002234675.1_ASM223467v1_genomic.fna	37262908	37971782	+	CP020781.1	3			
246	CP020782.1	GCA_002234715.1_ASM223471v1_genomic.fna	10214	473679	CP020668.1	GCA_002234675.1_ASM223467v1_genomic.fna	57653	579836	+	CP020782.1	4			
248	CP020782.1	GCA_002234715.1_ASM223471v1_genomic.fna	474640	804739	CP020668.1	GCA_002234675.1_ASM223467v1_genomic.fna	591409	949379	+	CP020782.1	4			
252	CP020782.1	GCA_002234715.1_ASM223471v1_genomic.fna	824746	1004418	CP020668.1	GCA_002234675.1_ASM223467v1_genomic.fna	977739	1154962	+	CP020782.1	4			
254	CP020782.1	GCA_002234715.1_ASM223471v1_genomic.fna	1004518	1392442	CP020668.1	GCA_002234675.1_ASM223467v1_genomic.fna	1160097	1598797	+	CP020782.1	4			
256	CP020782.1	GCA_002234715.1_ASM223471v1_genomic.fna	1469981	1752139	CP020668.1	GCA_002234675.1_ASM223467v1_genomic.fna	1606581	1875777	+	CP020782.1	4			
261	CP020782.1	GCA_002234715.1_ASM223471v1_genomic.fna	1772927	3561459	CP020668.1	GCA_002234675.1_ASM223467v1_genomic.fna	1987485	3819913	+	CP020782.1	4			
264	CP020782.1	GCA_002234715.1_ASM223471v1_genomic.fna	3737522	5134485	CP020668.1	GCA_002234675.1_ASM223467v1_genomic.fna	3870917	5268182	+	CP020782.1	4			
266	CP020782.1	GCA_002234715.1_ASM223471v1_genomic.fna	5136263	5824252	CP020668.1	GCA_002234675.1_ASM223467v1_genomic.fna	5312646	5978153	+	CP020782.1	4			
267	CP020782.1	GCA_002234715.1_ASM223471v1_genomic.fna	6008261	8924181	CP020668.1	GCA_002234675.1_ASM223467v1_genomic.fna	5979120	8835937	+	CP020782.1	4			
269	CP020782.1	GCA_002234715.1_ASM223471v1_genomic.fna	8924245	9288919	CP020668.1	GCA_002234675.1_ASM223467v1_genomic.fna	8840907	9196018	+	CP020782.1	4			
273	CP020782.1	GCA_002234715.1_ASM223471v1_genomic.fna	9325288	10801230	CP020668.1	GCA_002234675.1_ASM223467v1_genomic.fna	9231118	10806826	+	CP020782.1	4			
275	CP020782.1	GCA_002234715.1_ASM223471v1_genomic.fna	10801462	14046956	CP020668.1	GCA_002234675.1_ASM223467v1_genomic.fna	10810283	14026847	+	CP020782.1	4			
276	CP020782.1	GCA_002234715.1_ASM223471v1_genomic.fna	14004035	16212945	CP020668.1	GCA_002234675.1_ASM223467v1_genomic.fna	14040249	16213824	+	CP020782.1	4			
278	CP020782.1	GCA_002234715.1_ASM223471v1_genomic.fna	16215733	16715131	CP020668.1	GCA_002234675.1_ASM223467v1_genomic.fna	16216439	16742596	+	CP020782.1	4			
280	CP020782.1	GCA_002234715.1_ASM223471v1_genomic.fna	16747573	18002182	CP020668.1	GCA_002234675.1_ASM223467v1_genomic.fna	16778509	18074018	+	CP020782.1	4			
281	CP020782.1	GCA_002234715.1_ASM223471v1_genomic.fna	18063468	19001989	CP020668.1	GCA_002234675.1_ASM223467v1_genomic.fna	18075066	19002086	+	CP020782.1	4			
285	CP020782.1	GCA_002234715.1_ASM223471v1_genomic.fna	19156476	20057084	CP020668.1	GCA_002234675.1_ASM223467v1_genomic.fna	19211419	20169355	+	CP020782.1	4			
286	CP020782.1	GCA_002234715.1_ASM223471v1_genomic.fna	20133042	22816943	CP020668.1	GCA_002234675.1_ASM223467v1_genomic.fna	20180153	22913870	+	CP020782.1	4			
288	CP020782.1	GCA_002234715.1_ASM223471v1_genomic.fna	22834323	23440955	CP020668.1	GCA_002234675.1_ASM223467v1_genomic.fna	22919641	23570843	+	CP020782.1	4			
290	CP020782.1	GCA_002234715.1_ASM223471v1_genomic.fna	23473937	24964893	CP020668.1	GCA_002234675.1_ASM223467v1_genomic.fna	23577068	25123569	+	CP020782.1	4			
293	CP020782.1	GCA_002234715.1_ASM223471v1_genomic.fna	24969335	25437397	CP020668.1	GCA_002234675.1_ASM223467v1_genomic.fna	25656594	26135973	+	CP020782.1	4			
297	CP020782.1	GCA_002234715.1_ASM223471v1_genomic.fna	25462330	27161036	CP020668.1	GCA_002234675.1_ASM223467v1_genomic.fna	26174678	27847376	+	CP020782.1	4			
298	CP020782.1	GCA_002234715.1_ASM223471v1_genomic.fna	27164053	30055835	CP020668.1	GCA_002234675.1_ASM223467v1_genomic.fna	27927863	30854740	+	CP020782.1	4			
299	CP020782.1	GCA_002234715.1_ASM223471v1_genomic.fna	30160822	30780692	CP020668.1	GCA_002234675.1_ASM223467v1_genomic.fna	30857571	31513021	+	CP020782.1	4			
304	CP020782.1	GCA_002234715.1_ASM223471v1_genomic.fna	30829024	31315764	CP020668.1	GCA_002234675.1_ASM223467v1_genomic.fna	31986890	32464636	+	CP020782.1	4			
305	CP020782.1	GCA_002234715.1_ASM223471v1_genomic.fna	31323409	31615733	CP020668.1	GCA_002234675.1_ASM223467v1_genomic.fna	32527531	32840506	+	CP020782.1	4			
312	CP020783.1	GCA_002234715.1_ASM223471v1_genomic.fna	7	186011	CP020669.1	GCA_002234675.1_ASM223467v1_genomic.fna	165536	359375	+	CP020783.1	5			
313	CP020783.1	GCA_002234715.1_ASM223471v1_genomic.fna	326964	3424002	CP020669.1	GCA_002234675.1_ASM223467v1_genomic.fna	364385	3502419	+	CP020783.1	5			
315	CP020783.1	GCA_002234715.1_ASM223471v1_genomic.fna	3424029	10110962	CP020669.1	GCA_002234675.1_ASM223467v1_genomic.fna	3507214	10213079	+	CP020783.1	5			
317	CP020783.1	GCA_002234715.1_ASM223471v1_genomic.fna	10111189	11984589	CP020669.1	GCA_002234675.1_ASM223467v1_genomic.fna	10221477	12215572	+	CP020783.1	5			
319	CP020783.1	GCA_002234715.1_ASM223471v1_genomic.fna	11984686	24724641	CP020669.1	GCA_002234675.1_ASM223467v1_genomic.fna	12220926	25002136	+	CP020783.1	5			
322	CP020783.1	GCA_002234715.1_ASM223471v1_genomic.fna	24728500	28462748	CP020669.1	GCA_002234675.1_ASM223467v1_genomic.fna	25078927	28899544	+	CP020783.1	5			
323	CP020788.1	GCA_002234715.1_ASM223471v1_genomic.fna	22359555	22498851	CP020669.1	GCA_002234675.1_ASM223467v1_genomic.fna	28905627	29071456	-	CP020788.1	5			
324	CP020783.1	GCA_002234715.1_ASM223471v1_genomic.fna	28472270	29133528	CP020669.1	GCA_002234675.1_ASM223467v1_genomic.fna	29072475	29734446	+	CP020783.1	5			
325	CP020783.1	GCA_002234715.1_ASM223471v1_genomic.fna	29138576	29380247	CP020669.1	GCA_002234675.1_ASM223467v1_genomic.fna	29813220	30056600	+	CP020783.1	5			
327	CP020783.1	GCA_002234715.1_ASM223471v1_genomic.fna	29380338	30171314	CP020669.1	GCA_002234675.1_ASM223467v1_genomic.fna	30062373	30872039	+	CP020783.1	5			
329	CP020783.1	GCA_002234715.1_ASM223471v1_genomic.fna	30173745	30800251	CP020669.1	GCA_002234675.1_ASM223467v1_genomic.fna	31748665	32383346	+	CP020783.1	5			
331	CP020783.1	GCA_002234715.1_ASM223471v1_genomic.fna	30800286	31424109	CP020669.1	GCA_002234675.1_ASM223467v1_genomic.fna	32390586	33066549	+	CP020783.1	5			
334	CP020784.1	GCA_002234715.1_ASM223471v1_genomic.fna	999	730200	CP020670.1	GCA_002234675.1_ASM223467v1_genomic.fna	351146	1065211	+	CP020784.1	6			
335	CP020784.1	GCA_002234715.1_ASM223471v1_genomic.fna	778816	949273	CP020670.1	GCA_002234675.1_ASM223467v1_genomic.fna	1216737	1401759	+	CP020784.1	6			
339	CP020784.1	GCA_002234715.1_ASM223471v1_genomic.fna	1031288	1326304	CP020670.1	GCA_002234675.1_ASM223467v1_genomic.fna	1502909	1816619	+	CP020784.1	6			
342	CP020784.1	GCA_002234715.1_ASM223471v1_genomic.fna	1327323	1654745	CP020670.1	GCA_002234675.1_ASM223467v1_genomic.fna	1826964	2205492	+	CP020784.1	6			
344	CP020784.1	GCA_002234715.1_ASM223471v1_genomic.fna	1684871	1829771	CP020670.1	GCA_002234675.1_ASM223467v1_genomic.fna	2220903	2381146	+	CP020784.1	6			
346	CP020784.1	GCA_002234715.1_ASM223471v1_genomic.fna	1832377	2394391	CP020670.1	GCA_002234675.1_ASM223467v1_genomic.fna	2586261	3151673	+	CP020784.1	6			
349	CP020784.1	GCA_002234715.1_ASM223471v1_genomic.fna	2397960	3685162	CP020670.1	GCA_002234675.1_ASM223467v1_genomic.fna	4019825	5336560	+	CP020784.1	6			
351	CP020784.1	GCA_002234715.1_ASM223471v1_genomic.fna	3687379	4756421	CP020670.1	GCA_002234675.1_ASM223467v1_genomic.fna	5618122	6674921	+	CP020784.1	6			
353	CP020784.1	GCA_002234715.1_ASM223471v1_genomic.fna	4758078	5034309	CP020670.1	GCA_002234675.1_ASM223467v1_genomic.fna	6693026	6964338	+	CP020784.1	6			
355	CP020784.1	GCA_002234715.1_ASM223471v1_genomic.fna	5035376	6259347	CP020670.1	GCA_002234675.1_ASM223467v1_genomic.fna	7371394	8595364	+	CP020784.1	6			
357	CP020784.1	GCA_002234715.1_ASM223471v1_genomic.fna	6267501	6580257	CP020670.1	GCA_002234675.1_ASM223467v1_genomic.fna	8632503	8951535	+	CP020784.1	6			
359	CP020784.1	GCA_002234715.1_ASM223471v1_genomic.fna	6777917	7124809	CP020670.1	GCA_002234675.1_ASM223467v1_genomic.fna	9035843	9340465	+	CP020784.1	6			
361	CP020784.1	GCA_002234715.1_ASM223471v1_genomic.fna	7124878	7604274	CP020670.1	GCA_002234675.1_ASM223467v1_genomic.fna	9345942	9882681	+	CP020784.1	6			
363	CP020784.1	GCA_002234715.1_ASM223471v1_genomic.fna	7611511	7757297	CP020670.1	GCA_002234675.1_ASM223467v1_genomic.fna	9884108	10042258	+	CP020784.1	6			
365	CP020784.1	GCA_002234715.1_ASM223471v1_genomic.fna	7806790	8730894	CP020670.1	GCA_002234675.1_ASM223467v1_genomic.fna	10173532	11089276	+	CP020784.1	6			
366	CP020784.1	GCA_002234715.1_ASM223471v1_genomic.fna	8815416	17579084	CP020670.1	GCA_002234675.1_ASM223467v1_genomic.fna	11092998	19943820	+	CP020784.1	6			
368	CP020784.1	GCA_002234715.1_ASM223471v1_genomic.fna	17609675	28867841	CP020670.1	GCA_002234675.1_ASM223467v1_genomic.fna	19967849	31420447	+	CP020784.1	6			
370	CP020784.1	GCA_002234715.1_ASM223471v1_genomic.fna	28892572	29027032	CP020670.1	GCA_002234675.1_ASM223467v1_genomic.fna	31717224	31894536	+	CP020784.1	6			
371	CP020784.1	GCA_002234715.1_ASM223471v1_genomic.fna	29028256	29207551	CP020670.1	GCA_002234675.1_ASM223467v1_genomic.fna	32035595	32243660	+	CP020784.1	6			
372	CP020785.1	GCA_002234715.1_ASM223471v1_genomic.fna	0	115031	CP020671.1	GCA_002234675.1_ASM223467v1_genomic.fna	19520	143494	+	CP020785.1	7			
373	CP020785.1	GCA_002234715.1_ASM223471v1_genomic.fna	123562	4532457	CP020671.1	GCA_002234675.1_ASM223467v1_genomic.fna	289795	4678541	+	CP020785.1	7			
375	CP020785.1	GCA_002234715.1_ASM223471v1_genomic.fna	4532468	4648529	CP020671.1	GCA_002234675.1_ASM223467v1_genomic.fna	4694708	4796436	+	CP020785.1	7			
376	CP020785.1	GCA_002234715.1_ASM223471v1_genomic.fna	4752470	5779152	CP020671.1	GCA_002234675.1_ASM223467v1_genomic.fna	4796485	5876048	+	CP020785.1	7			
377	CP020785.1	GCA_002234715.1_ASM223471v1_genomic.fna	5784678	16331575	CP020671.1	GCA_002234675.1_ASM223467v1_genomic.fna	5961447	16545661	+	CP020785.1	7			
380	CP020785.1	GCA_002234715.1_ASM223471v1_genomic.fna	16343100	23421345	CP020671.1	GCA_002234675.1_ASM223467v1_genomic.fna	16711669	23890192	+	CP020785.1	7			
382	CP020785.1	GCA_002234715.1_ASM223471v1_genomic.fna	23421554	24874702	CP020671.1	GCA_002234675.1_ASM223467v1_genomic.fna	23895218	25408919	+	CP020785.1	7			
385	CP020785.1	GCA_002234715.1_ASM223471v1_genomic.fna	24897163	25087309	CP020671.1	GCA_002234675.1_ASM223467v1_genomic.fna	25427193	25566111	+	CP020785.1	7			
388	CP020785.1	GCA_002234715.1_ASM223471v1_genomic.fna	25089050	25709535	CP020671.1	GCA_002234675.1_ASM223467v1_genomic.fna	25916575	26515099	+	CP020785.1	7			
391	CP020785.1	GCA_002234715.1_ASM223471v1_genomic.fna	25667909	25972362	CP020671.1	GCA_002234675.1_ASM223467v1_genomic.fna	26609039	26859797	+	CP020785.1	7			
393	CP020785.1	GCA_002234715.1_ASM223471v1_genomic.fna	26007168	26307104	CP020671.1	GCA_002234675.1_ASM223467v1_genomic.fna	26871004	27155818	+	CP020785.1	7			
395	CP020785.1	GCA_002234715.1_ASM223471v1_genomic.fna	26309108	26735927	CP020671.1	GCA_002234675.1_ASM223467v1_genomic.fna	27163716	27563672	+	CP020785.1	7			
397	CP020785.1	GCA_002234715.1_ASM223471v1_genomic.fna	26736008	26887799	CP020671.1	GCA_002234675.1_ASM223467v1_genomic.fna	27569233	27744611	+	CP020785.1	7			
399	CP020785.1	GCA_002234715.1_ASM223471v1_genomic.fna	26888413	27360255	CP020671.1	GCA_002234675.1_ASM223467v1_genomic.fna	27750327	28145432	+	CP020785.1	7			
401	CP020785.1	GCA_002234715.1_ASM223471v1_genomic.fna	27360451	27476040	CP020671.1	GCA_002234675.1_ASM223467v1_genomic.fna	28150917	28260935	+	CP020785.1	7			
403	CP020785.1	GCA_002234715.1_ASM223471v1_genomic.fna	27479076	27972230	CP020671.1	GCA_002234675.1_ASM223467v1_genomic.fna	28268516	28719966	+	CP020785.1	7			
409	CP020785.1	GCA_002234715.1_ASM223471v1_genomic.fna	28256658	28919285	CP020671.1	GCA_002234675.1_ASM223467v1_genomic.fna	28946165	29639740	+	CP020785.1	7			
410	CP020785.1	GCA_002234715.1_ASM223471v1_genomic.fna	28988029	29599900	CP020671.1	GCA_002234675.1_ASM223467v1_genomic.fna	29645268	30260556	+	CP020785.1	7			
412	CP020785.1	GCA_002234715.1_ASM223471v1_genomic.fna	29600142	29805061	CP020671.1	GCA_002234675.1_ASM223467v1_genomic.fna	30267681	30488228	+	CP020785.1	7			
415	CP020785.1	GCA_002234715.1_ASM223471v1_genomic.fna	29807238	30471028	CP020671.1	GCA_002234675.1_ASM223467v1_genomic.fna	30525793	31212585	+	CP020785.1	7			
417	CP020785.1	GCA_002234715.1_ASM223471v1_genomic.fna	30486277	31107277	CP020671.1	GCA_002234675.1_ASM223467v1_genomic.fna	31610837	32215308	+	CP020785.1	7			
419	CP020785.1	GCA_002234715.1_ASM223471v1_genomic.fna	31107350	31259017	CP020671.1	GCA_002234675.1_ASM223467v1_genomic.fna	32221292	32378010	+	CP020785.1	7			
420	CP020785.1	GCA_002234715.1_ASM223471v1_genomic.fna	31265121	32074472	CP020671.1	GCA_002234675.1_ASM223467v1_genomic.fna	32461868	33276896	+	CP020785.1	7			
422	CP020785.1	GCA_002234715.1_ASM223471v1_genomic.fna	32089072	32632808	CP020671.1	GCA_002234675.1_ASM223467v1_genomic.fna	33306171	33879114	+	CP020785.1	7			
426	CP020785.1	GCA_002234715.1_ASM223471v1_genomic.fna	32703825	32810029	CP020671.1	GCA_002234675.1_ASM223467v1_genomic.fna	34166255	34284426	+	CP020785.1	7			
433	CP020786.1	GCA_002234715.1_ASM223471v1_genomic.fna	316199	1948901	CP020672.1	GCA_002234675.1_ASM223467v1_genomic.fna	546778	2188962	+	CP020786.1	8			
434	CP020786.1	GCA_002234715.1_ASM223471v1_genomic.fna	1951091	2737391	CP020672.1	GCA_002234675.1_ASM223467v1_genomic.fna	2257802	3049732	+	CP020786.1	8			
438	CP020786.1	GCA_002234715.1_ASM223471v1_genomic.fna	2788782	4570101	CP020672.1	GCA_002234675.1_ASM223467v1_genomic.fna	3154780	4982885	+	CP020786.1	8			
440	CP020786.1	GCA_002234715.1_ASM223471v1_genomic.fna	4577716	6043852	CP020672.1	GCA_002234675.1_ASM223467v1_genomic.fna	4989097	6458416	+	CP020786.1	8			
441	CP020786.1	GCA_002234715.1_ASM223471v1_genomic.fna	6116394	12433758	CP020672.1	GCA_002234675.1_ASM223467v1_genomic.fna	6459893	12939694	+	CP020786.1	8			
443	CP020786.1	GCA_002234715.1_ASM223471v1_genomic.fna	12433920	13292570	CP020672.1	GCA_002234675.1_ASM223467v1_genomic.fna	12948196	13773395	+	CP020786.1	8			
445	CP020786.1	GCA_002234715.1_ASM223471v1_genomic.fna	13449602	14232407	CP020672.1	GCA_002234675.1_ASM223467v1_genomic.fna	13893210	14659810	+	CP020786.1	8			
457	CP020786.1	GCA_002234715.1_ASM223471v1_genomic.fna	14423364	16199620	CP020672.1	GCA_002234675.1_ASM223467v1_genomic.fna	15173406	17005715	+	CP020786.1	8			
458	CP020786.1	GCA_002234715.1_ASM223471v1_genomic.fna	16209430	16338018	CP020672.1	GCA_002234675.1_ASM223467v1_genomic.fna	17089244	17272491	+	CP020786.1	8			
461	CP020786.1	GCA_002234715.1_ASM223471v1_genomic.fna	16346581	18341373	CP020672.1	GCA_002234675.1_ASM223467v1_genomic.fna	17684181	19641778	+	CP020786.1	8			
463	CP020786.1	GCA_002234715.1_ASM223471v1_genomic.fna	18346614	19959443	CP020672.1	GCA_002234675.1_ASM223467v1_genomic.fna	19663606	21427083	+	CP020786.1	8			
468	CP020786.1	GCA_002234715.1_ASM223471v1_genomic.fna	20069222	22234936	CP020672.1	GCA_002234675.1_ASM223467v1_genomic.fna	21545181	23690160	+	CP020786.1	8			
470	CP020786.1	GCA_002234715.1_ASM223471v1_genomic.fna	22242342	24398685	CP020672.1	GCA_002234675.1_ASM223467v1_genomic.fna	23703806	25884114	+	CP020786.1	8			
471	CP020786.1	GCA_002234715.1_ASM223471v1_genomic.fna	24403338	24534748	CP020672.1	GCA_002234675.1_ASM223467v1_genomic.fna	25976903	26087932	+	CP020786.1	8			
475	CP020787.1	GCA_002234715.1_ASM223471v1_genomic.fna	12547	183572	CP020673.1	GCA_002234675.1_ASM223467v1_genomic.fna	34522	214739	+	CP020787.1	9			
476	CP020787.1	GCA_002234715.1_ASM223471v1_genomic.fna	184665	514646	CP020673.1	GCA_002234675.1_ASM223467v1_genomic.fna	311948	692517	+	CP020787.1	9			
477	CP020787.1	GCA_002234715.1_ASM223471v1_genomic.fna	594169	702337	CP020673.1	GCA_002234675.1_ASM223467v1_genomic.fna	694067	810368	+	CP020787.1	9			
478	CP020787.1	GCA_002234715.1_ASM223471v1_genomic.fna	704323	3078256	CP020673.1	GCA_002234675.1_ASM223467v1_genomic.fna	1119782	3601591	+	CP020787.1	9			
480	CP020787.1	GCA_002234715.1_ASM223471v1_genomic.fna	3080280	3382886	CP020673.1	GCA_002234675.1_ASM223467v1_genomic.fna	3637937	3928278	+	CP020787.1	9			
485	CP020787.1	GCA_002234715.1_ASM223471v1_genomic.fna	3603513	4116031	CP020673.1	GCA_002234675.1_ASM223467v1_genomic.fna	4130309	4622289	+	CP020787.1	9			
486	CP020787.1	GCA_002234715.1_ASM223471v1_genomic.fna	4123361	12064699	CP020673.1	GCA_002234675.1_ASM223467v1_genomic.fna	4715801	12721184	+	CP020787.1	9			
487	CP020787.1	GCA_002234715.1_ASM223471v1_genomic.fna	12185114	13577550	CP020673.1	GCA_002234675.1_ASM223467v1_genomic.fna	12801960	14189211	+	CP020787.1	9			
488	CP020787.1	GCA_002234715.1_ASM223471v1_genomic.fna	13592435	20081530	CP020673.1	GCA_002234675.1_ASM223467v1_genomic.fna	14341283	20981762	+	CP020787.1	9			
492	CP020787.1	GCA_002234715.1_ASM223471v1_genomic.fna	20144704	20405029	CP020673.1	GCA_002234675.1_ASM223467v1_genomic.fna	21128474	21395913	+	CP020787.1	9			
499	CP020787.1	GCA_002234715.1_ASM223471v1_genomic.fna	20580229	20710243	CP020673.1	GCA_002234675.1_ASM223467v1_genomic.fna	21823249	21988084	+	CP020787.1	9			
501	CP020787.1	GCA_002234715.1_ASM223471v1_genomic.fna	20802188	21021700	CP020673.1	GCA_002234675.1_ASM223467v1_genomic.fna	22031340	22242136	+	CP020787.1	9			
504	CP020787.1	GCA_002234715.1_ASM223471v1_genomic.fna	21024854	22514622	CP020673.1	GCA_002234675.1_ASM223467v1_genomic.fna	22470953	23977154	+	CP020787.1	9			
506	CP020787.1	GCA_002234715.1_ASM223471v1_genomic.fna	22514664	23103591	CP020673.1	GCA_002234675.1_ASM223467v1_genomic.fna	23980396	24612377	+	CP020787.1	9			
509	CP020787.1	GCA_002234715.1_ASM223471v1_genomic.fna	23105104	26497280	CP020673.1	GCA_002234675.1_ASM223467v1_genomic.fna	24625368	28056080	+	CP020787.1	9			
511	CP020787.1	GCA_002234715.1_ASM223471v1_genomic.fna	26509652	26737561	CP020673.1	GCA_002234675.1_ASM223467v1_genomic.fna	28068643	28293882	+	CP020787.1	9			
512	CP020787.1	GCA_002234715.1_ASM223471v1_genomic.fna	26863188	28148770	CP020673.1	GCA_002234675.1_ASM223467v1_genomic.fna	28297352	29671414	+	CP020787.1	9			
515	CP020787.1	GCA_002234715.1_ASM223471v1_genomic.fna	28237584	28925239	CP020673.1	GCA_002234675.1_ASM223467v1_genomic.fna	29808113	30514823	+	CP020787.1	9			
518	CP020787.1	GCA_002234715.1_ASM223471v1_genomic.fna	28926744	30627488	CP020673.1	GCA_002234675.1_ASM223467v1_genomic.fna	30832562	32611300	+	CP020787.1	9			
520	CP020787.1	GCA_002234715.1_ASM223471v1_genomic.fna	30632953	30861691	CP020673.1	GCA_002234675.1_ASM223467v1_genomic.fna	33172121	33352355	+	CP020787.1	9			
521	CP020799.1	GCA_002234715.1_ASM223471v1_genomic.fna	3039013	3144229	CP020674.1	GCA_002234675.1_ASM223467v1_genomic.fna	574	101239	-	CP020799.1	10			
522	CP020788.1	GCA_002234715.1_ASM223471v1_genomic.fna	13995	467156	CP020674.1	GCA_002234675.1_ASM223467v1_genomic.fna	102438	582870	+	CP020788.1	10			
528	CP020788.1	GCA_002234715.1_ASM223471v1_genomic.fna	735082	1334960	CP020674.1	GCA_002234675.1_ASM223467v1_genomic.fna	1457290	2093108	+	CP020788.1	10			
529	CP020788.1	GCA_002234715.1_ASM223471v1_genomic.fna	1439292	2263433	CP020674.1	GCA_002234675.1_ASM223467v1_genomic.fna	2179539	3065269	+	CP020788.1	10			
530	CP020788.1	GCA_002234715.1_ASM223471v1_genomic.fna	2347144	3244502	CP020674.1	GCA_002234675.1_ASM223467v1_genomic.fna	3066482	4031686	+	CP020788.1	10			
532	CP020788.1	GCA_002234715.1_ASM223471v1_genomic.fna	3246200	4757337	CP020674.1	GCA_002234675.1_ASM223467v1_genomic.fna	4182195	5739377	+	CP020788.1	10			
534	CP020788.1	GCA_002234715.1_ASM223471v1_genomic.fna	4760935	5533861	CP020674.1	GCA_002234675.1_ASM223467v1_genomic.fna	5741492	6523704	+	CP020788.1	10			
535	CP020788.1	GCA_002234715.1_ASM223471v1_genomic.fna	5548790	7817367	CP020674.1	GCA_002234675.1_ASM223467v1_genomic.fna	6940106	9122093	+	CP020788.1	10			
537	CP020788.1	GCA_002234715.1_ASM223471v1_genomic.fna	7817454	14588224	CP020674.1	GCA_002234675.1_ASM223467v1_genomic.fna	9127830	16049658	+	CP020788.1	10			
538	CP020788.1	GCA_002234715.1_ASM223471v1_genomic.fna	14588309	19574564	CP020674.1	GCA_002234675.1_ASM223467v1_genomic.fna	16118520	21160172	+	CP020788.1	10			
540	CP020788.1	GCA_002234715.1_ASM223471v1_genomic.fna	19574617	21981961	CP020674.1	GCA_002234675.1_ASM223467v1_genomic.fna	21165732	23630306	+	CP020788.1	10			
541	CP020788.1	GCA_002234715.1_ASM223471v1_genomic.fna	21986146	22343316	CP020674.1	GCA_002234675.1_ASM223467v1_genomic.fna	23730060	24095980	+	CP020788.1	10			
544	CP020788.1	GCA_002234715.1_ASM223471v1_genomic.fna	22591375	25894815	CP020674.1	GCA_002234675.1_ASM223467v1_genomic.fna	24180258	27557990	+	CP020788.1	10			
546	CP020788.1	GCA_002234715.1_ASM223471v1_genomic.fna	25894844	28761918	CP020674.1	GCA_002234675.1_ASM223467v1_genomic.fna	27606890	30618146	+	CP020788.1	10			
548	CP020779.1	GCA_002234715.1_ASM223471v1_genomic.fna	26443960	26571727	CP020674.1	GCA_002234675.1_ASM223467v1_genomic.fna	30885611	31013800	+	CP020779.1	10			
551	CP020789.1	GCA_002234715.1_ASM223471v1_genomic.fna	3555	159675	CP020675.1	GCA_002234675.1_ASM223467v1_genomic.fna	10079	190627	+	CP020789.1	11			
558	CP020789.1	GCA_002234715.1_ASM223471v1_genomic.fna	190007	697139	CP020675.1	GCA_002234675.1_ASM223467v1_genomic.fna	695555	1175298	+	CP020789.1	11			
560	CP020789.1	GCA_002234715.1_ASM223471v1_genomic.fna	697494	865212	CP020675.1	GCA_002234675.1_ASM223467v1_genomic.fna	1179542	1386279	+	CP020789.1	11			
566	CP020789.1	GCA_002234715.1_ASM223471v1_genomic.fna	1432819	1620438	CP020675.1	GCA_002234675.1_ASM223467v1_genomic.fna	1675903	1836742	-	CP020789.1	11			
570	CP020789.1	GCA_002234715.1_ASM223471v1_genomic.fna	947808	1401334	CP020675.1	GCA_002234675.1_ASM223467v1_genomic.fna	1935815	2366549	+	CP020789.1	11			
575	CP020789.1	GCA_002234715.1_ASM223471v1_genomic.fna	1713284	2434775	CP020675.1	GCA_002234675.1_ASM223467v1_genomic.fna	3053844	3756175	+	CP020789.1	11			
576	CP020789.1	GCA_002234715.1_ASM223471v1_genomic.fna	2366836	5327508	CP020675.1	GCA_002234675.1_ASM223467v1_genomic.fna	3771803	6823228	+	CP020789.1	11			
583	CP020789.1	GCA_002234715.1_ASM223471v1_genomic.fna	20451750	21648554	CP020675.1	GCA_002234675.1_ASM223467v1_genomic.fna	7018873	8192524	-	CP020789.1	11			
585	CP020789.1	GCA_002234715.1_ASM223471v1_genomic.fna	20050856	20451615	CP020675.1	GCA_002234675.1_ASM223467v1_genomic.fna	8200900	8566949	-	CP020789.1	11			
586	CP020789.1	GCA_002234715.1_ASM223471v1_genomic.fna	19234031	20049244	CP020675.1	GCA_002234675.1_ASM223467v1_genomic.fna	8760335	9542259	-	CP020789.1	11			
588	CP020789.1	GCA_002234715.1_ASM223471v1_genomic.fna	16965869	19190072	CP020675.1	GCA_002234675.1_ASM223467v1_genomic.fna	9565559	11848086	-	CP020789.1	11			
590	CP020789.1	GCA_002234715.1_ASM223471v1_genomic.fna	13666016	16963832	CP020675.1	GCA_002234675.1_ASM223467v1_genomic.fna	12514757	15796194	-	CP020789.1	11			
593	CP020789.1	GCA_002234715.1_ASM223471v1_genomic.fna	5561677	13569827	CP020675.1	GCA_002234675.1_ASM223467v1_genomic.fna	15894343	24055909	-	CP020789.1	11			
594	CP020789.1	GCA_002234715.1_ASM223471v1_genomic.fna	21686497	22497160	CP020675.1	GCA_002234675.1_ASM223467v1_genomic.fna	24072940	24889588	+	CP020789.1	11			
596	CP020789.1	GCA_002234715.1_ASM223471v1_genomic.fna	22497607	23052731	CP020675.1	GCA_002234675.1_ASM223467v1_genomic.fna	24903835	25483711	+	CP020789.1	11			
598	CP020789.1	GCA_002234715.1_ASM223471v1_genomic.fna	23055043	23663248	CP020675.1	GCA_002234675.1_ASM223467v1_genomic.fna	25493728	26085194	+	CP020789.1	11			
600	CP020789.1	GCA_002234715.1_ASM223471v1_genomic.fna	23664893	24932186	CP020675.1	GCA_002234675.1_ASM223467v1_genomic.fna	26307092	27559129	+	CP020789.1	11			
607	CP020789.1	GCA_002234715.1_ASM223471v1_genomic.fna	25130728	25535678	CP020675.1	GCA_002234675.1_ASM223467v1_genomic.fna	27792524	28206250	+	CP020789.1	11			
608	CP020790.1	GCA_002234715.1_ASM223471v1_genomic.fna	40314	414659	CP020676.1	GCA_002234675.1_ASM223467v1_genomic.fna	194	396524	+	CP020790.1	12			
609	CP020790.1	GCA_002234715.1_ASM223471v1_genomic.fna	415969	779038	CP020676.1	GCA_002234675.1_ASM223467v1_genomic.fna	775359	1157846	+	CP020790.1	12			
610	CP020790.1	GCA_002234715.1_ASM223471v1_genomic.fna	780948	6613811	CP020676.1	GCA_002234675.1_ASM223467v1_genomic.fna	1279350	7207575	+	CP020790.1	12			
612	CP020790.1	GCA_002234715.1_ASM223471v1_genomic.fna	6613856	8418950	CP020676.1	GCA_002234675.1_ASM223467v1_genomic.fna	7394269	9169618	+	CP020790.1	12			
614	CP020790.1	GCA_002234715.1_ASM223471v1_genomic.fna	8428088	11204361	CP020676.1	GCA_002234675.1_ASM223467v1_genomic.fna	9186261	11906750	+	CP020790.1	12			
616	CP020790.1	GCA_002234715.1_ASM223471v1_genomic.fna	11204437	13402256	CP020676.1	GCA_002234675.1_ASM223467v1_genomic.fna	11911635	14163044	+	CP020790.1	12			
621	CP020790.1	GCA_002234715.1_ASM223471v1_genomic.fna	13512278	13659920	CP020676.1	GCA_002234675.1_ASM223467v1_genomic.fna	14316111	14483663	-	CP020790.1	12			
622	CP020790.1	GCA_002234715.1_ASM223471v1_genomic.fna	13684976	14325539	CP020676.1	GCA_002234675.1_ASM223467v1_genomic.fna	14491445	15134704	+	CP020790.1	12			
624	CP020790.1	GCA_002234715.1_ASM223471v1_genomic.fna	14326089	16767219	CP020676.1	GCA_002234675.1_ASM223467v1_genomic.fna	15155052	17669670	+	CP020790.1	12			
625	CP020790.1	GCA_002234715.1_ASM223471v1_genomic.fna	16768534	17039315	CP020676.1	GCA_002234675.1_ASM223467v1_genomic.fna	17832081	18075127	+	CP020790.1	12			
627	CP020790.1	GCA_002234715.1_ASM223471v1_genomic.fna	17044766	17945811	CP020676.1	GCA_002234675.1_ASM223467v1_genomic.fna	18080575	19051699	+	CP020790.1	12			
628	CP020790.1	GCA_002234715.1_ASM223471v1_genomic.fna	18018244	18561409	CP020676.1	GCA_002234675.1_ASM223467v1_genomic.fna	19058451	19624151	+	CP020790.1	12			
632	CP020790.1	GCA_002234715.1_ASM223471v1_genomic.fna	18570645	18689163	CP020676.1	GCA_002234675.1_ASM223467v1_genomic.fna	19870674	20004333	+	CP020790.1	12			
634	CP020790.1	GCA_002234715.1_ASM223471v1_genomic.fna	18691847	19267213	CP020676.1	GCA_002234675.1_ASM223467v1_genomic.fna	20009875	20603965	+	CP020790.1	12			
636	CP020790.1	GCA_002234715.1_ASM223471v1_genomic.fna	19268165	19401253	CP020676.1	GCA_002234675.1_ASM223467v1_genomic.fna	20608844	20744408	+	CP020790.1	12			
640	CP020790.1	GCA_002234715.1_ASM223471v1_genomic.fna	19444485	19561332	CP020676.1	GCA_002234675.1_ASM223467v1_genomic.fna	20805995	20946766	+	CP020790.1	12			
641	CP020790.1	GCA_002234715.1_ASM223471v1_genomic.fna	19600435	19742562	CP020676.1	GCA_002234675.1_ASM223467v1_genomic.fna	21261703	21396408	+	CP020790.1	12			
643	CP020790.1	GCA_002234715.1_ASM223471v1_genomic.fna	19744603	20097308	CP020676.1	GCA_002234675.1_ASM223467v1_genomic.fna	21404167	21799685	+	CP020790.1	12			
646	CP020790.1	GCA_002234715.1_ASM223471v1_genomic.fna	20195500	22603531	CP020676.1	GCA_002234675.1_ASM223467v1_genomic.fna	22000528	24327880	+	CP020790.1	12			
648	CP020790.1	GCA_002234715.1_ASM223471v1_genomic.fna	22617233	22802219	CP020676.1	GCA_002234675.1_ASM223467v1_genomic.fna	24415037	24604442	+	CP020790.1	12			
652	CP020790.1	GCA_002234715.1_ASM223471v1_genomic.fna	22835077	23664425	CP020676.1	GCA_002234675.1_ASM223467v1_genomic.fna	24740188	25560731	+	CP020790.1	12			
654	CP020790.1	GCA_002234715.1_ASM223471v1_genomic.fna	23674852	27778261	CP020676.1	GCA_002234675.1_ASM223467v1_genomic.fna	25641706	29824220	+	CP020790.1	12			
655	CP020790.1	GCA_002234715.1_ASM223471v1_genomic.fna	27781481	28220718	CP020676.1	GCA_002234675.1_ASM223467v1_genomic.fna	29987317	30520834	+	CP020790.1	12			
662	CP020791.1	GCA_002234715.1_ASM223471v1_genomic.fna	130619	733431	CP020677.1	GCA_002234675.1_ASM223467v1_genomic.fna	711104	1278073	+	CP020791.1	13			
668	CP020791.1	GCA_002234715.1_ASM223471v1_genomic.fna	728614	1590974	CP020677.1	GCA_002234675.1_ASM223467v1_genomic.fna	1688624	2531482	+	CP020791.1	13			
669	CP020791.1	GCA_002234715.1_ASM223471v1_genomic.fna	1602465	2280436	CP020677.1	GCA_002234675.1_ASM223467v1_genomic.fna	2633526	3313602	+	CP020791.1	13			
671	CP020791.1	GCA_002234715.1_ASM223471v1_genomic.fna	2283993	4841414	CP020677.1	GCA_002234675.1_ASM223467v1_genomic.fna	3316712	5928320	+	CP020791.1	13			
672	CP020791.1	GCA_002234715.1_ASM223471v1_genomic.fna	4966621	6731440	CP020677.1	GCA_002234675.1_ASM223467v1_genomic.fna	5928373	7694912	+	CP020791.1	13			
674	CP020791.1	GCA_002234715.1_ASM223471v1_genomic.fna	6733999	8305136	CP020677.1	GCA_002234675.1_ASM223467v1_genomic.fna	7696609	9302103	+	CP020791.1	13			
676	CP020791.1	GCA_002234715.1_ASM223471v1_genomic.fna	8312503	8502435	CP020677.1	GCA_002234675.1_ASM223467v1_genomic.fna	9306206	9493955	+	CP020791.1	13			
678	CP020791.1	GCA_002234715.1_ASM223471v1_genomic.fna	8505242	8951145	CP020677.1	GCA_002234675.1_ASM223467v1_genomic.fna	9496236	9919945	+	CP020791.1	13			
680	CP020791.1	GCA_002234715.1_ASM223471v1_genomic.fna	8951533	15105695	CP020677.1	GCA_002234675.1_ASM223467v1_genomic.fna	9927707	16255333	+	CP020791.1	13			
681	CP020791.1	GCA_002234715.1_ASM223471v1_genomic.fna	15159559	18176275	CP020677.1	GCA_002234675.1_ASM223467v1_genomic.fna	16255834	19287903	+	CP020791.1	13			
682	CP020791.1	GCA_002234715.1_ASM223471v1_genomic.fna	17711534	17840402	CP020677.1	GCA_002234675.1_ASM223467v1_genomic.fna	19309138	19413862	-	CP020791.1	13			
688	CP020791.1	GCA_002234715.1_ASM223471v1_genomic.fna	18177338	19424937	CP020677.1	GCA_002234675.1_ASM223467v1_genomic.fna	19601835	20917180	+	CP020791.1	13			
689	CP020791.1	GCA_002234715.1_ASM223471v1_genomic.fna	19425951	21927780	CP020677.1	GCA_002234675.1_ASM223467v1_genomic.fna	21470650	23923206	+	CP020791.1	13			
691	CP020791.1	GCA_002234715.1_ASM223471v1_genomic.fna	21928633	24827377	CP020677.1	GCA_002234675.1_ASM223467v1_genomic.fna	23930289	26887748	+	CP020791.1	13			
695	CP020791.1	GCA_002234715.1_ASM223471v1_genomic.fna	24835088	25022860	CP020677.1	GCA_002234675.1_ASM223467v1_genomic.fna	26992866	27218439	+	CP020791.1	13			
697	CP020791.1	GCA_002234715.1_ASM223471v1_genomic.fna	25024050	25333660	CP020677.1	GCA_002234675.1_ASM223467v1_genomic.fna	27219641	27525252	+	CP020791.1	13			
702	CP020791.1	GCA_002234715.1_ASM223471v1_genomic.fna	25340440	26008569	CP020677.1	GCA_002234675.1_ASM223467v1_genomic.fna	28165252	28842076	+	CP020791.1	13			
703	CP020791.1	GCA_002234715.1_ASM223471v1_genomic.fna	26149797	28456523	CP020677.1	GCA_002234675.1_ASM223467v1_genomic.fna	28994416	31397842	+	CP020791.1	13			
706	CP020791.1	GCA_002234715.1_ASM223471v1_genomic.fna	28457650	29683164	CP020677.1	GCA_002234675.1_ASM223467v1_genomic.fna	31682887	32953538	+	CP020791.1	13			
709	CP020791.1	GCA_002234715.1_ASM223471v1_genomic.fna	29694958	29859163	CP020677.1	GCA_002234675.1_ASM223467v1_genomic.fna	33183078	33335909	+	CP020791.1	13			
721	CP020792.1	GCA_002234715.1_ASM223471v1_genomic.fna	133627	700204	CP020678.1	GCA_002234675.1_ASM223467v1_genomic.fna	428521	970053	+	CP020792.1	14			
726	CP020792.1	GCA_002234715.1_ASM223471v1_genomic.fna	728299	866556	CP020678.1	GCA_002234675.1_ASM223467v1_genomic.fna	1440057	1587817	+	CP020792.1	14			
727	CP020792.1	GCA_002234715.1_ASM223471v1_genomic.fna	867763	985320	CP020678.1	GCA_002234675.1_ASM223467v1_genomic.fna	1659566	1766515	+	CP020792.1	14			
730	CP020792.1	GCA_002234715.1_ASM223471v1_genomic.fna	993933	1997201	CP020678.1	GCA_002234675.1_ASM223467v1_genomic.fna	1780619	2836046	+	CP020792.1	14			
737	CP020792.1	GCA_002234715.1_ASM223471v1_genomic.fna	2109752	3959620	CP020678.1	GCA_002234675.1_ASM223467v1_genomic.fna	3162212	5089326	+	CP020792.1	14			
746	CP020792.1	GCA_002234715.1_ASM223471v1_genomic.fna	4000964	4157456	CP020678.1	GCA_002234675.1_ASM223467v1_genomic.fna	5345490	5517698	-	CP020792.1	14			
747	CP020792.1	GCA_002234715.1_ASM223471v1_genomic.fna	4339602	5130552	CP020678.1	GCA_002234675.1_ASM223467v1_genomic.fna	5535566	6286483	+	CP020792.1	14			
748	CP020792.1	GCA_002234715.1_ASM223471v1_genomic.fna	5131628	7682533	CP020678.1	GCA_002234675.1_ASM223467v1_genomic.fna	6468965	9068577	+	CP020792.1	14			
750	CP020792.1	GCA_002234715.1_ASM223471v1_genomic.fna	7680080	13136672	CP020678.1	GCA_002234675.1_ASM223467v1_genomic.fna	9113573	14702321	+	CP020792.1	14			
752	CP020792.1	GCA_002234715.1_ASM223471v1_genomic.fna	13137537	16930843	CP020678.1	GCA_002234675.1_ASM223467v1_genomic.fna	14708705	18530419	+	CP020792.1	14			
754	CP020792.1	GCA_002234715.1_ASM223471v1_genomic.fna	16941858	18664079	CP020678.1	GCA_002234675.1_ASM223467v1_genomic.fna	18557977	20358000	+	CP020792.1	14			
756	CP020792.1	GCA_002234715.1_ASM223471v1_genomic.fna	18664306	22409844	CP020678.1	GCA_002234675.1_ASM223467v1_genomic.fna	20364051	24052404	+	CP020792.1	14			
758	CP020792.1	GCA_002234715.1_ASM223471v1_genomic.fna	22429306	22619859	CP020678.1	GCA_002234675.1_ASM223467v1_genomic.fna	24058481	24238191	+	CP020792.1	14			
762	CP020792.1	GCA_002234715.1_ASM223471v1_genomic.fna	22781545	23046997	CP020678.1	GCA_002234675.1_ASM223467v1_genomic.fna	24363751	24621866	+	CP020792.1	14			
764	CP020792.1	GCA_002234715.1_ASM223471v1_genomic.fna	23047059	23509238	CP020678.1	GCA_002234675.1_ASM223467v1_genomic.fna	24627417	25080654	+	CP020792.1	14			
766	CP020792.1	GCA_002234715.1_ASM223471v1_genomic.fna	23509340	27282610	CP020678.1	GCA_002234675.1_ASM223467v1_genomic.fna	25088892	28938568	+	CP020792.1	14			
768	CP020792.1	GCA_002234715.1_ASM223471v1_genomic.fna	27283737	27799394	CP020678.1	GCA_002234675.1_ASM223467v1_genomic.fna	28964193	29496376	+	CP020792.1	14			
775	CP020792.1	GCA_002234715.1_ASM223471v1_genomic.fna	27884919	28118347	CP020678.1	GCA_002234675.1_ASM223467v1_genomic.fna	30264954	30579156	+	CP020792.1	14			
780	CP020793.1	GCA_002234715.1_ASM223471v1_genomic.fna	212271	370850	CP020679.1	GCA_002234675.1_ASM223467v1_genomic.fna	228058	382039	-	CP020793.1	15			
783	CP020793.1	GCA_002234715.1_ASM223471v1_genomic.fna	373926	939437	CP020679.1	GCA_002234675.1_ASM223467v1_genomic.fna	465023	1046771	+	CP020793.1	15			
786	CP020793.1	GCA_002234715.1_ASM223471v1_genomic.fna	941665	2361625	CP020679.1	GCA_002234675.1_ASM223467v1_genomic.fna	1700479	3068456	+	CP020793.1	15			
788	CP020793.1	GCA_002234715.1_ASM223471v1_genomic.fna	2362875	2693138	CP020679.1	GCA_002234675.1_ASM223467v1_genomic.fna	3069760	3398359	+	CP020793.1	15			
790	CP020793.1	GCA_002234715.1_ASM223471v1_genomic.fna	2700286	2831496	CP020679.1	GCA_002234675.1_ASM223467v1_genomic.fna	3819111	3952971	+	CP020793.1	15			
791	CP020793.1	GCA_002234715.1_ASM223471v1_genomic.fna	2850244	5445313	CP020679.1	GCA_002234675.1_ASM223467v1_genomic.fna	4052940	6643061	+	CP020793.1	15			
793	CP020793.1	GCA_002234715.1_ASM223471v1_genomic.fna	5447261	6305490	CP020679.1	GCA_002234675.1_ASM223467v1_genomic.fna	6647856	7531560	+	CP020793.1	15			
798	CP020793.1	GCA_002234715.1_ASM223471v1_genomic.fna	6386948	6575846	CP020679.1	GCA_002234675.1_ASM223467v1_genomic.fna	7620802	7846892	+	CP020793.1	15			
800	CP020793.1	GCA_002234715.1_ASM223471v1_genomic.fna	6575999	7961269	CP020679.1	GCA_002234675.1_ASM223467v1_genomic.fna	7850742	9289207	+	CP020793.1	15			
802	CP020793.1	GCA_002234715.1_ASM223471v1_genomic.fna	8013859	8940383	CP020679.1	GCA_002234675.1_ASM223467v1_genomic.fna	9345569	10288735	+	CP020793.1	15			
804	CP020793.1	GCA_002234715.1_ASM223471v1_genomic.fna	9006944	10863678	CP020679.1	GCA_002234675.1_ASM223467v1_genomic.fna	10829118	12694791	+	CP020793.1	15			
806	CP020793.1	GCA_002234715.1_ASM223471v1_genomic.fna	10865220	12702312	CP020679.1	GCA_002234675.1_ASM223467v1_genomic.fna	12700663	14541852	+	CP020793.1	15			
807	CP020793.1	GCA_002234715.1_ASM223471v1_genomic.fna	13053572	13311482	CP020679.1	GCA_002234675.1_ASM223467v1_genomic.fna	14541932	14810769	+	CP020793.1	15			
809	CP020793.1	GCA_002234715.1_ASM223471v1_genomic.fna	13316716	15640186	CP020679.1	GCA_002234675.1_ASM223467v1_genomic.fna	14815495	17139368	+	CP020793.1	15			
811	CP020793.1	GCA_002234715.1_ASM223471v1_genomic.fna	15644452	16336855	CP020679.1	GCA_002234675.1_ASM223467v1_genomic.fna	17142584	17809840	+	CP020793.1	15			
813	CP020793.1	GCA_002234715.1_ASM223471v1_genomic.fna	16337239	23948782	CP020679.1	GCA_002234675.1_ASM223467v1_genomic.fna	17817230	25481730	+	CP020793.1	15			
815	CP020793.1	GCA_002234715.1_ASM223471v1_genomic.fna	23948857	28766199	CP020679.1	GCA_002234675.1_ASM223467v1_genomic.fna	25499507	30468825	+	CP020793.1	15			
817	CP020794.1	GCA_002234715.1_ASM223471v1_genomic.fna	76	231676	CP020680.1	GCA_002234675.1_ASM223467v1_genomic.fna	245862	446910	+	CP020794.1	16			
826	CP020794.1	GCA_002234715.1_ASM223471v1_genomic.fna	488479	2126604	CP020680.1	GCA_002234675.1_ASM223467v1_genomic.fna	641275	2278013	+	CP020794.1	16			
828	CP020794.1	GCA_002234715.1_ASM223471v1_genomic.fna	2135078	3066802	CP020680.1	GCA_002234675.1_ASM223467v1_genomic.fna	2286344	3252027	+	CP020794.1	16			
830	CP020794.1	GCA_002234715.1_ASM223471v1_genomic.fna	3083113	3360387	CP020680.1	GCA_002234675.1_ASM223467v1_genomic.fna	3281306	3558322	+	CP020794.1	16			
832	CP020794.1	GCA_002234715.1_ASM223471v1_genomic.fna	3363957	4693321	CP020680.1	GCA_002234675.1_ASM223467v1_genomic.fna	3589453	4950292	+	CP020794.1	16			
834	CP020794.1	GCA_002234715.1_ASM223471v1_genomic.fna	4699762	5321261	CP020680.1	GCA_002234675.1_ASM223467v1_genomic.fna	4956606	5580681	+	CP020794.1	16			
836	CP020794.1	GCA_002234715.1_ASM223471v1_genomic.fna	5326465	6893163	CP020680.1	GCA_002234675.1_ASM223467v1_genomic.fna	5599788	7191318	+	CP020794.1	16			
838	CP020794.1	GCA_002234715.1_ASM223471v1_genomic.fna	6917058	7181642	CP020680.1	GCA_002234675.1_ASM223467v1_genomic.fna	7337486	7625955	+	CP020794.1	16			
840	CP020794.1	GCA_002234715.1_ASM223471v1_genomic.fna	7185427	7342428	CP020680.1	GCA_002234675.1_ASM223467v1_genomic.fna	7720758	7852461	+	CP020794.1	16			
842	CP020794.1	GCA_002234715.1_ASM223471v1_genomic.fna	7350572	11099895	CP020680.1	GCA_002234675.1_ASM223467v1_genomic.fna	7862756	11713865	+	CP020794.1	16			
844	CP020794.1	GCA_002234715.1_ASM223471v1_genomic.fna	11099973	12556017	CP020680.1	GCA_002234675.1_ASM223467v1_genomic.fna	11723212	13181776	+	CP020794.1	16			
846	CP020794.1	GCA_002234715.1_ASM223471v1_genomic.fna	12562047	14340303	CP020680.1	GCA_002234675.1_ASM223467v1_genomic.fna	13209679	14918083	+	CP020794.1	16			
850	CP020794.1	GCA_002234715.1_ASM223471v1_genomic.fna	14351620	14922826	CP020680.1	GCA_002234675.1_ASM223467v1_genomic.fna	15087932	15648535	+	CP020794.1	16			
851	CP020794.1	GCA_002234715.1_ASM223471v1_genomic.fna	14919537	15765060	CP020680.1	GCA_002234675.1_ASM223467v1_genomic.fna	15698011	16529942	+	CP020794.1	16			
852	CP020794.1	GCA_002234715.1_ASM223471v1_genomic.fna	15766519	20457485	CP020680.1	GCA_002234675.1_ASM223467v1_genomic.fna	16661422	21398479	+	CP020794.1	16			
853	CP020794.1	GCA_002234715.1_ASM223471v1_genomic.fna	20544196	21094353	CP020680.1	GCA_002234675.1_ASM223467v1_genomic.fna	21398521	21976969	+	CP020794.1	16			
854	CP020794.1	GCA_002234715.1_ASM223471v1_genomic.fna	21076615	24060940	CP020680.1	GCA_002234675.1_ASM223467v1_genomic.fna	22157466	25214194	+	CP020794.1	16			
855	CP020794.1	GCA_002234715.1_ASM223471v1_genomic.fna	24052369	25265730	CP020680.1	GCA_002234675.1_ASM223467v1_genomic.fna	25257178	26517691	+	CP020794.1	16			
856	CP020794.1	GCA_002234715.1_ASM223471v1_genomic.fna	25324132	26696773	CP020680.1	GCA_002234675.1_ASM223467v1_genomic.fna	26521767	27960682	+	CP020794.1	16			
861	CP020794.1	GCA_002234715.1_ASM223471v1_genomic.fna	26722331	30498620	CP020680.1	GCA_002234675.1_ASM223467v1_genomic.fna	28376569	32352175	+	CP020794.1	16			
862	CP020794.1	GCA_002234715.1_ASM223471v1_genomic.fna	30503241	30689047	CP020680.1	GCA_002234675.1_ASM223467v1_genomic.fna	32656144	32875234	+	CP020794.1	16			
875	CP020795.1	GCA_002234715.1_ASM223471v1_genomic.fna	81851	586512	CP020681.1	GCA_002234675.1_ASM223467v1_genomic.fna	409293	973534	+	CP020795.1	17			
877	CP020795.1	GCA_002234715.1_ASM223471v1_genomic.fna	586590	1222481	CP020681.1	GCA_002234675.1_ASM223467v1_genomic.fna	978864	1673088	+	CP020795.1	17			
879	CP020795.1	GCA_002234715.1_ASM223471v1_genomic.fna	1224930	1671587	CP020681.1	GCA_002234675.1_ASM223467v1_genomic.fna	1675550	2114243	+	CP020795.1	17			
881	CP020795.1	GCA_002234715.1_ASM223471v1_genomic.fna	1674288	2502803	CP020681.1	GCA_002234675.1_ASM223467v1_genomic.fna	2348302	3166043	+	CP020795.1	17			
882	CP020795.1	GCA_002234715.1_ASM223471v1_genomic.fna	2504662	4326996	CP020681.1	GCA_002234675.1_ASM223467v1_genomic.fna	3702386	5510449	+	CP020795.1	17			
884	CP020795.1	GCA_002234715.1_ASM223471v1_genomic.fna	4335387	5003014	CP020681.1	GCA_002234675.1_ASM223467v1_genomic.fna	5573617	6205613	+	CP020795.1	17			
885	CP020795.1	GCA_002234715.1_ASM223471v1_genomic.fna	5013980	6134282	CP020681.1	GCA_002234675.1_ASM223467v1_genomic.fna	6368791	7582491	+	CP020795.1	17			
888	CP020795.1	GCA_002234715.1_ASM223471v1_genomic.fna	6162380	7014011	CP020681.1	GCA_002234675.1_ASM223467v1_genomic.fna	7667233	8513745	+	CP020795.1	17			
890	CP020795.1	GCA_002234715.1_ASM223471v1_genomic.fna	7016975	7156612	CP020681.1	GCA_002234675.1_ASM223467v1_genomic.fna	8522183	8627203	+	CP020795.1	17			
892	CP020795.1	GCA_002234715.1_ASM223471v1_genomic.fna	7157700	7287726	CP020681.1	GCA_002234675.1_ASM223467v1_genomic.fna	8642464	8770297	+	CP020795.1	17			
894	CP020795.1	GCA_002234715.1_ASM223471v1_genomic.fna	7303573	7653601	CP020681.1	GCA_002234675.1_ASM223467v1_genomic.fna	8939756	9244549	+	CP020795.1	17			
895	CP020795.1	GCA_002234715.1_ASM223471v1_genomic.fna	7733621	8770157	CP020681.1	GCA_002234675.1_ASM223467v1_genomic.fna	9265978	10442707	+	CP020795.1	17			
902	CP020795.1	GCA_002234715.1_ASM223471v1_genomic.fna	8869892	9220302	CP020681.1	GCA_002234675.1_ASM223467v1_genomic.fna	10751403	11115302	+	CP020795.1	17			
908	CP020795.1	GCA_002234715.1_ASM223471v1_genomic.fna	9324287	9725794	CP020681.1	GCA_002234675.1_ASM223467v1_genomic.fna	11310554	11717177	+	CP020795.1	17			
912	CP020795.1	GCA_002234715.1_ASM223471v1_genomic.fna	9826591	9957478	CP020681.1	GCA_002234675.1_ASM223467v1_genomic.fna	12193322	12312176	+	CP020795.1	17			
913	CP020795.1	GCA_002234715.1_ASM223471v1_genomic.fna	10067273	13666972	CP020681.1	GCA_002234675.1_ASM223467v1_genomic.fna	12313497	15985963	+	CP020795.1	17			
914	CP020795.1	GCA_002234715.1_ASM223471v1_genomic.fna	13668313	16221151	CP020681.1	GCA_002234675.1_ASM223467v1_genomic.fna	16124405	18647082	+	CP020795.1	17			
916	CP020795.1	GCA_002234715.1_ASM223471v1_genomic.fna	16221837	17296508	CP020681.1	GCA_002234675.1_ASM223467v1_genomic.fna	18656336	19772260	+	CP020795.1	17			
917	CP020793.1	GCA_002234715.1_ASM223471v1_genomic.fna	12704108	13040905	CP020681.1	GCA_002234675.1_ASM223467v1_genomic.fna	19875311	20202671	+	CP020793.1	17			
918	CP020795.1	GCA_002234715.1_ASM223471v1_genomic.fna	17298687	21215094	CP020681.1	GCA_002234675.1_ASM223467v1_genomic.fna	20203995	24094933	+	CP020795.1	17			
919	CP020795.1	GCA_002234715.1_ASM223471v1_genomic.fna	21273646	26246897	CP020681.1	GCA_002234675.1_ASM223467v1_genomic.fna	24100992	29114042	+	CP020795.1	17			
920	CP020795.1	GCA_002234715.1_ASM223471v1_genomic.fna	26319058	26472477	CP020681.1	GCA_002234675.1_ASM223467v1_genomic.fna	29117014	29280388	+	CP020795.1	17			
921	CP020795.1	GCA_002234715.1_ASM223471v1_genomic.fna	26705440	28268986	CP020681.1	GCA_002234675.1_ASM223467v1_genomic.fna	29281476	30936882	+	CP020795.1	17			
923	CP020795.1	GCA_002234715.1_ASM223471v1_genomic.fna	28270490	28801346	CP020681.1	GCA_002234675.1_ASM223467v1_genomic.fna	31175183	31746327	+	CP020795.1	17			
928	CP020796.1	GCA_002234715.1_ASM223471v1_genomic.fna	414945	881263	CP020682.1	GCA_002234675.1_ASM223467v1_genomic.fna	436781	920087	+	CP020796.1	18			
931	CP020796.1	GCA_002234715.1_ASM223471v1_genomic.fna	911377	1103835	CP020682.1	GCA_002234675.1_ASM223467v1_genomic.fna	1105461	1275540	+	CP020796.1	18			
932	CP020796.1	GCA_002234715.1_ASM223471v1_genomic.fna	1104930	1226570	CP020682.1	GCA_002234675.1_ASM223467v1_genomic.fna	1406871	1523436	+	CP020796.1	18			
934	CP020796.1	GCA_002234715.1_ASM223471v1_genomic.fna	1236098	1762745	CP020682.1	GCA_002234675.1_ASM223467v1_genomic.fna	1533074	2023921	+	CP020796.1	18			
950	CP020796.1	GCA_002234715.1_ASM223471v1_genomic.fna	2206889	2406282	CP020682.1	GCA_002234675.1_ASM223467v1_genomic.fna	2671492	2919673	+	CP020796.1	18			
952	CP020796.1	GCA_002234715.1_ASM223471v1_genomic.fna	2406379	3013593	CP020682.1	GCA_002234675.1_ASM223467v1_genomic.fna	2927608	3504181	+	CP020796.1	18			
955	CP020796.1	GCA_002234715.1_ASM223471v1_genomic.fna	3023511	3155218	CP020682.1	GCA_002234675.1_ASM223467v1_genomic.fna	3534988	3676641	+	CP020796.1	18			
959	CP020796.1	GCA_002234715.1_ASM223471v1_genomic.fna	3233877	3403700	CP020682.1	GCA_002234675.1_ASM223467v1_genomic.fna	3836071	4037568	+	CP020796.1	18			
960	CP020796.1	GCA_002234715.1_ASM223471v1_genomic.fna	3474567	3716867	CP020682.1	GCA_002234675.1_ASM223467v1_genomic.fna	4038625	4286757	+	CP020796.1	18			
961	CP020787.1	GCA_002234715.1_ASM223471v1_genomic.fna	12064770	12184608	CP020682.1	GCA_002234675.1_ASM223467v1_genomic.fna	4293063	4408003	-	CP020787.1	18			
962	CP020796.1	GCA_002234715.1_ASM223471v1_genomic.fna	3717805	6565680	CP020682.1	GCA_002234675.1_ASM223467v1_genomic.fna	4436964	7423264	+	CP020796.1	18			
966	CP020796.1	GCA_002234715.1_ASM223471v1_genomic.fna	6534236	6733761	CP020682.1	GCA_002234675.1_ASM223467v1_genomic.fna	7597119	7805949	+	CP020796.1	18			
967	CP020796.1	GCA_002234715.1_ASM223471v1_genomic.fna	6830300	12430815	CP020682.1	GCA_002234675.1_ASM223467v1_genomic.fna	7807694	13435626	+	CP020796.1	18			
972	CP020796.1	GCA_002234715.1_ASM223471v1_genomic.fna	12440590	12635382	CP020682.1	GCA_002234675.1_ASM223467v1_genomic.fna	13972911	14168275	+	CP020796.1	18			
974	CP020796.1	GCA_002234715.1_ASM223471v1_genomic.fna	12638564	13781233	CP020682.1	GCA_002234675.1_ASM223467v1_genomic.fna	14246995	15370899	+	CP020796.1	18			
976	CP020796.1	GCA_002234715.1_ASM223471v1_genomic.fna	13781330	15220434	CP020682.1	GCA_002234675.1_ASM223467v1_genomic.fna	15377032	16897665	+	CP020796.1	18			
978	CP020796.1	GCA_002234715.1_ASM223471v1_genomic.fna	15220473	16219315	CP020682.1	GCA_002234675.1_ASM223467v1_genomic.fna	16903213	17872165	+	CP020796.1	18			
979	CP020796.1	GCA_002234715.1_ASM223471v1_genomic.fna	16229472	17711694	CP020682.1	GCA_002234675.1_ASM223467v1_genomic.fna	18012528	19529281	+	CP020796.1	18			
981	CP020796.1	GCA_002234715.1_ASM223471v1_genomic.fna	17713111	18074201	CP020682.1	GCA_002234675.1_ASM223467v1_genomic.fna	19755252	20079815	+	CP020796.1	18			
983	CP020796.1	GCA_002234715.1_ASM223471v1_genomic.fna	18087169	19212118	CP020682.1	GCA_002234675.1_ASM223467v1_genomic.fna	20941788	22059060	+	CP020796.1	18			
984	CP020796.1	GCA_002234715.1_ASM223471v1_genomic.fna	19315172	19781589	CP020682.1	GCA_002234675.1_ASM223467v1_genomic.fna	22087992	22548085	+	CP020796.1	18			
997	CP020796.1	GCA_002234715.1_ASM223471v1_genomic.fna	20257322	20880522	CP020682.1	GCA_002234675.1_ASM223467v1_genomic.fna	22971976	23627592	+	CP020796.1	18			
998	CP020796.1	GCA_002234715.1_ASM223471v1_genomic.fna	20922612	21176217	CP020682.1	GCA_002234675.1_ASM223467v1_genomic.fna	23874134	24143731	+	CP020796.1	18			
1011	CP020796.1	GCA_002234715.1_ASM223471v1_genomic.fna	21399188	21531172	CP020682.1	GCA_002234675.1_ASM223467v1_genomic.fna	24370879	24534767	+	CP020796.1	18			
1023	CP020796.1	GCA_002234715.1_ASM223471v1_genomic.fna	21584050	21885151	CP020682.1	GCA_002234675.1_ASM223467v1_genomic.fna	24972566	25291977	+	CP020796.1	18			
1025	CP020796.1	GCA_002234715.1_ASM223471v1_genomic.fna	21906221	22152256	CP020682.1	GCA_002234675.1_ASM223467v1_genomic.fna	25336490	25486354	+	CP020796.1	18			
1033	CP020796.1	GCA_002234715.1_ASM223471v1_genomic.fna	22203441	22402818	CP020682.1	GCA_002234675.1_ASM223467v1_genomic.fna	25687982	25883122	+	CP020796.1	18			
1037	CP020796.1	GCA_002234715.1_ASM223471v1_genomic.fna	22487054	23253592	CP020682.1	GCA_002234675.1_ASM223467v1_genomic.fna	25940395	26713081	+	CP020796.1	18			
1043	CP020796.1	GCA_002234715.1_ASM223471v1_genomic.fna	23680680	23910165	CP020682.1	GCA_002234675.1_ASM223467v1_genomic.fna	26880571	27049405	+	CP020796.1	18			
1046	CP020796.1	GCA_002234715.1_ASM223471v1_genomic.fna	24166559	25281310	CP020682.1	GCA_002234675.1_ASM223467v1_genomic.fna	27150675	28327688	+	CP020796.1	18			
1047	CP020796.1	GCA_002234715.1_ASM223471v1_genomic.fna	25372569	25625913	CP020682.1	GCA_002234675.1_ASM223467v1_genomic.fna	28328776	28570161	+	CP020796.1	18			
1049	CP020796.1	GCA_002234715.1_ASM223471v1_genomic.fna	25590754	26321422	CP020682.1	GCA_002234675.1_ASM223467v1_genomic.fna	28579848	29349004	+	CP020796.1	18			
1053	CP020796.1	GCA_002234715.1_ASM223471v1_genomic.fna	26335262	26884019	CP020682.1	GCA_002234675.1_ASM223467v1_genomic.fna	29394497	29888225	+	CP020796.1	18			
1055	CP020796.1	GCA_002234715.1_ASM223471v1_genomic.fna	26934803	27763661	CP020682.1	GCA_002234675.1_ASM223467v1_genomic.fna	29946899	30783980	+	CP020796.1	18			
1057	CP020797.1	GCA_002234715.1_ASM223471v1_genomic.fna	71	531411	CP020683.1	GCA_002234675.1_ASM223467v1_genomic.fna	60267	604684	+	CP020797.1	19			
1065	CP020797.1	GCA_002234715.1_ASM223471v1_genomic.fna	634641	1006857	CP020683.1	GCA_002234675.1_ASM223467v1_genomic.fna	919477	1248560	+	CP020797.1	19			
1067	CP020797.1	GCA_002234715.1_ASM223471v1_genomic.fna	1015343	1906018	CP020683.1	GCA_002234675.1_ASM223467v1_genomic.fna	1310899	2268333	+	CP020797.1	19			
1069	CP020797.1	GCA_002234715.1_ASM223471v1_genomic.fna	1909908	3924456	CP020683.1	GCA_002234675.1_ASM223467v1_genomic.fna	2275054	4289322	+	CP020797.1	19			
1070	CP020797.1	GCA_002234715.1_ASM223471v1_genomic.fna	3926313	4307649	CP020683.1	GCA_002234675.1_ASM223467v1_genomic.fna	4408337	4793457	+	CP020797.1	19			
1072	CP020797.1	GCA_002234715.1_ASM223471v1_genomic.fna	4313079	4488696	CP020683.1	GCA_002234675.1_ASM223467v1_genomic.fna	4801014	4983672	+	CP020797.1	19			
1074	CP020797.1	GCA_002234715.1_ASM223471v1_genomic.fna	4491831	5113104	CP020683.1	GCA_002234675.1_ASM223467v1_genomic.fna	5258897	5910388	+	CP020797.1	19			
1076	CP020797.1	GCA_002234715.1_ASM223471v1_genomic.fna	5116958	5630700	CP020683.1	GCA_002234675.1_ASM223467v1_genomic.fna	5912414	6435172	+	CP020797.1	19			
1078	CP020797.1	GCA_002234715.1_ASM223471v1_genomic.fna	5631511	5788296	CP020683.1	GCA_002234675.1_ASM223467v1_genomic.fna	6451024	6633078	+	CP020797.1	19			
1079	CP020797.1	GCA_002234715.1_ASM223471v1_genomic.fna	5789889	6238070	CP020683.1	GCA_002234675.1_ASM223467v1_genomic.fna	6687909	7153803	+	CP020797.1	19			
1080	CP020797.1	GCA_002234715.1_ASM223471v1_genomic.fna	6240064	6940367	CP020683.1	GCA_002234675.1_ASM223467v1_genomic.fna	7291435	7911395	+	CP020797.1	19			
1082	CP020797.1	GCA_002234715.1_ASM223471v1_genomic.fna	6881812	12106703	CP020683.1	GCA_002234675.1_ASM223467v1_genomic.fna	7981770	13304819	+	CP020797.1	19			
1087	CP020797.1	GCA_002234715.1_ASM223471v1_genomic.fna	12124771	14583896	CP020683.1	GCA_002234675.1_ASM223467v1_genomic.fna	13894162	16455988	+	CP020797.1	19			
1097	CP020797.1	GCA_002234715.1_ASM223471v1_genomic.fna	14955339	15166613	CP020683.1	GCA_002234675.1_ASM223467v1_genomic.fna	16981482	17210885	+	CP020797.1	19			
1099	CP020797.1	GCA_002234715.1_ASM223471v1_genomic.fna	15167115	15915683	CP020683.1	GCA_002234675.1_ASM223467v1_genomic.fna	17219954	17948812	+	CP020797.1	19			
1101	CP020797.1	GCA_002234715.1_ASM223471v1_genomic.fna	15929431	16470632	CP020683.1	GCA_002234675.1_ASM223467v1_genomic.fna	17956377	18546184	+	CP020797.1	19			
1103	CP020797.1	GCA_002234715.1_ASM223471v1_genomic.fna	16470673	18741573	CP020683.1	GCA_002234675.1_ASM223467v1_genomic.fna	18553022	20784867	+	CP020797.1	19			
1105	CP020797.1	GCA_002234715.1_ASM223471v1_genomic.fna	18742696	18963750	CP020683.1	GCA_002234675.1_ASM223467v1_genomic.fna	20879479	21101329	+	CP020797.1	19			
1112	CP020797.1	GCA_002234715.1_ASM223471v1_genomic.fna	19052590	19463277	CP020683.1	GCA_002234675.1_ASM223467v1_genomic.fna	21539336	21953360	+	CP020797.1	19			
1113	CP020797.1	GCA_002234715.1_ASM223471v1_genomic.fna	19467227	19650504	CP020683.1	GCA_002234675.1_ASM223467v1_genomic.fna	22036967	22208823	+	CP020797.1	19			
1115	CP020797.1	GCA_002234715.1_ASM223471v1_genomic.fna	19650696	20759748	CP020683.1	GCA_002234675.1_ASM223467v1_genomic.fna	22211593	23356149	+	CP020797.1	19			
1117	CP020797.1	GCA_002234715.1_ASM223471v1_genomic.fna	20761932	20958314	CP020683.1	GCA_002234675.1_ASM223467v1_genomic.fna	23357504	23559712	+	CP020797.1	19			
1118	CP020797.1	GCA_002234715.1_ASM223471v1_genomic.fna	20959463	21727454	CP020683.1	GCA_002234675.1_ASM223467v1_genomic.fna	23858554	24592513	+	CP020797.1	19			
1120	CP020797.1	GCA_002234715.1_ASM223471v1_genomic.fna	21803525	22525821	CP020683.1	GCA_002234675.1_ASM223467v1_genomic.fna	24686050	25430130	+	CP020797.1	19			
1122	CP020798.1	GCA_002234715.1_ASM223471v1_genomic.fna	13139	115962	CP020684.1	GCA_002234675.1_ASM223467v1_genomic.fna	33377	137607	+	CP020798.1	20			
1124	CP020798.1	GCA_002234715.1_ASM223471v1_genomic.fna	134361	261334	CP020684.1	GCA_002234675.1_ASM223467v1_genomic.fna	230253	344294	+	CP020798.1	20			
1126	CP020798.1	GCA_002234715.1_ASM223471v1_genomic.fna	261389	377776	CP020684.1	GCA_002234675.1_ASM223467v1_genomic.fna	349172	492038	+	CP020798.1	20			
1128	CP020798.1	GCA_002234715.1_ASM223471v1_genomic.fna	392126	623074	CP020684.1	GCA_002234675.1_ASM223467v1_genomic.fna	504070	748569	+	CP020798.1	20			
1129	CP020798.1	GCA_002234715.1_ASM223471v1_genomic.fna	624556	1513813	CP020684.1	GCA_002234675.1_ASM223467v1_genomic.fna	949201	1913520	+	CP020798.1	20			
1132	CP020798.1	GCA_002234715.1_ASM223471v1_genomic.fna	1539325	1718957	CP020684.1	GCA_002234675.1_ASM223467v1_genomic.fna	2011838	2196443	+	CP020798.1	20			
1134	CP020798.1	GCA_002234715.1_ASM223471v1_genomic.fna	1723634	2045324	CP020684.1	GCA_002234675.1_ASM223467v1_genomic.fna	2267999	2644307	+	CP020798.1	20			
1136	CP020798.1	GCA_002234715.1_ASM223471v1_genomic.fna	2052019	2293399	CP020684.1	GCA_002234675.1_ASM223467v1_genomic.fna	2650627	2900693	+	CP020798.1	20			
1138	CP020798.1	GCA_002234715.1_ASM223471v1_genomic.fna	2293410	3067081	CP020684.1	GCA_002234675.1_ASM223467v1_genomic.fna	2904573	3677309	+	CP020798.1	20			
1141	CP020798.1	GCA_002234715.1_ASM223471v1_genomic.fna	3067364	4360643	CP020684.1	GCA_002234675.1_ASM223467v1_genomic.fna	3687292	5048850	+	CP020798.1	20			
1143	CP020798.1	GCA_002234715.1_ASM223471v1_genomic.fna	4372382	4615576	CP020684.1	GCA_002234675.1_ASM223467v1_genomic.fna	5645877	5957495	+	CP020798.1	20			
1147	CP020798.1	GCA_002234715.1_ASM223471v1_genomic.fna	4653983	4796309	CP020684.1	GCA_002234675.1_ASM223467v1_genomic.fna	6238187	6364597	+	CP020798.1	20			
1148	CP020798.1	GCA_002234715.1_ASM223471v1_genomic.fna	5001348	6778653	CP020684.1	GCA_002234675.1_ASM223467v1_genomic.fna	6365654	8238958	+	CP020798.1	20			
1150	CP020798.1	GCA_002234715.1_ASM223471v1_genomic.fna	6778745	8323160	CP020684.1	GCA_002234675.1_ASM223467v1_genomic.fna	8245858	9761167	+	CP020798.1	20			
1152	CP020798.1	GCA_002234715.1_ASM223471v1_genomic.fna	8324156	8947685	CP020684.1	GCA_002234675.1_ASM223467v1_genomic.fna	9771844	10375984	+	CP020798.1	20			
1157	CP020798.1	GCA_002234715.1_ASM223471v1_genomic.fna	9123877	11216527	CP020684.1	GCA_002234675.1_ASM223467v1_genomic.fna	10479239	12741549	+	CP020798.1	20			
1159	CP020798.1	GCA_002234715.1_ASM223471v1_genomic.fna	11216596	13084277	CP020684.1	GCA_002234675.1_ASM223467v1_genomic.fna	12747534	14559593	+	CP020798.1	20			
1161	CP020798.1	GCA_002234715.1_ASM223471v1_genomic.fna	13089251	18904141	CP020684.1	GCA_002234675.1_ASM223467v1_genomic.fna	14570471	20494687	+	CP020798.1	20			
1162	CP020798.1	GCA_002234715.1_ASM223471v1_genomic.fna	18906097	23442013	CP020684.1	GCA_002234675.1_ASM223467v1_genomic.fna	20555793	25076239	+	CP020798.1	20			
1164	CP020798.1	GCA_002234715.1_ASM223471v1_genomic.fna	23443833	24067588	CP020684.1	GCA_002234675.1_ASM223467v1_genomic.fna	25092356	25798528	+	CP020798.1	20			
1167	CP020799.1	GCA_002234715.1_ASM223471v1_genomic.fna	618	558078	CP020685.1	GCA_002234675.1_ASM223467v1_genomic.fna	93	604973	+	CP020799.1	21			
1169	CP020799.1	GCA_002234715.1_ASM223471v1_genomic.fna	561766	728169	CP020685.1	GCA_002234675.1_ASM223467v1_genomic.fna	606987	762979	+	CP020799.1	21			
1171	CP020799.1	GCA_002234715.1_ASM223471v1_genomic.fna	802267	1702787	CP020685.1	GCA_002234675.1_ASM223467v1_genomic.fna	795866	1732033	+	CP020799.1	21			
1177	CP020799.1	GCA_002234715.1_ASM223471v1_genomic.fna	1854347	1973898	CP020685.1	GCA_002234675.1_ASM223467v1_genomic.fna	1918084	2029271	+	CP020799.1	21			
1182	CP020799.1	GCA_002234715.1_ASM223471v1_genomic.fna	2146100	2266376	CP020685.1	GCA_002234675.1_ASM223467v1_genomic.fna	2197681	2339592	+	CP020799.1	21			
1185	CP020799.1	GCA_002234715.1_ASM223471v1_genomic.fna	2273296	2800670	CP020685.1	GCA_002234675.1_ASM223467v1_genomic.fna	2430163	2969197	+	CP020799.1	21			
1187	CP020799.1	GCA_002234715.1_ASM223471v1_genomic.fna	2840239	2953913	CP020685.1	GCA_002234675.1_ASM223467v1_genomic.fna	3014972	3135523	+	CP020799.1	21			
1189	CP020799.1	GCA_002234715.1_ASM223471v1_genomic.fna	3295101	5354892	CP020685.1	GCA_002234675.1_ASM223467v1_genomic.fna	3606658	5701580	+	CP020799.1	21			
1191	CP020799.1	GCA_002234715.1_ASM223471v1_genomic.fna	5360521	5539967	CP020685.1	GCA_002234675.1_ASM223467v1_genomic.fna	5747724	5940734	+	CP020799.1	21			
1195	CP020799.1	GCA_002234715.1_ASM223471v1_genomic.fna	5617997	5765028	CP020685.1	GCA_002234675.1_ASM223467v1_genomic.fna	6064776	6178287	+	CP020799.1	21			
1202	CP020799.1	GCA_002234715.1_ASM223471v1_genomic.fna	5827059	7602192	CP020685.1	GCA_002234675.1_ASM223467v1_genomic.fna	6573064	8379531	+	CP020799.1	21			
1203	CP020799.1	GCA_002234715.1_ASM223471v1_genomic.fna	7626149	8553960	CP020685.1	GCA_002234675.1_ASM223467v1_genomic.fna	8461374	9356571	+	CP020799.1	21			
1204	CP020799.1	GCA_002234715.1_ASM223471v1_genomic.fna	8649040	10668855	CP020685.1	GCA_002234675.1_ASM223467v1_genomic.fna	9358189	11286014	+	CP020799.1	21			
1209	CP020799.1	GCA_002234715.1_ASM223471v1_genomic.fna	10772417	11434695	CP020685.1	GCA_002234675.1_ASM223467v1_genomic.fna	11328704	12035392	+	CP020799.1	21			
1210	CP020799.1	GCA_002234715.1_ASM223471v1_genomic.fna	11532787	11902976	CP020685.1	GCA_002234675.1_ASM223467v1_genomic.fna	12041862	12393655	+	CP020799.1	21			
1212	CP020799.1	GCA_002234715.1_ASM223471v1_genomic.fna	11919687	12276526	CP020685.1	GCA_002234675.1_ASM223467v1_genomic.fna	12414027	12799234	+	CP020799.1	21			
1214	CP020799.1	GCA_002234715.1_ASM223471v1_genomic.fna	12277692	12467073	CP020685.1	GCA_002234675.1_ASM223467v1_genomic.fna	12805464	13064735	+	CP020799.1	21			
1219	CP020799.1	GCA_002234715.1_ASM223471v1_genomic.fna	12846166	13051533	CP020685.1	GCA_002234675.1_ASM223467v1_genomic.fna	13310734	13469317	+	CP020799.1	21			
1224	CP020799.1	GCA_002234715.1_ASM223471v1_genomic.fna	13080796	13558000	CP020685.1	GCA_002234675.1_ASM223467v1_genomic.fna	13980585	14487930	+	CP020799.1	21			
1227	CP020799.1	GCA_002234715.1_ASM223471v1_genomic.fna	13566199	14096316	CP020685.1	GCA_002234675.1_ASM223467v1_genomic.fna	14739736	15330649	+	CP020799.1	21			
1229	CP020799.1	GCA_002234715.1_ASM223471v1_genomic.fna	14097820	14597602	CP020685.1	GCA_002234675.1_ASM223467v1_genomic.fna	15347135	15874084	+	CP020799.1	21			
1231	CP020799.1	GCA_002234715.1_ASM223471v1_genomic.fna	14598866	15912101	CP020685.1	GCA_002234675.1_ASM223467v1_genomic.fna	15880626	17251693	+	CP020799.1	21			
1233	CP020799.1	GCA_002234715.1_ASM223471v1_genomic.fna	15912317	18316131	CP020685.1	GCA_002234675.1_ASM223467v1_genomic.fna	17263638	19681892	+	CP020799.1	21			
1234	CP020799.1	GCA_002234715.1_ASM223471v1_genomic.fna	18300431	26107381	CP020685.1	GCA_002234675.1_ASM223467v1_genomic.fna	19723537	27619960	+	CP020799.1	21			
1238	CP020799.1	GCA_002234715.1_ASM223471v1_genomic.fna	26190992	26894548	CP020685.1	GCA_002234675.1_ASM223467v1_genomic.fna	27692894	28356852	+	CP020799.1	21			
1240	CP020799.1	GCA_002234715.1_ASM223471v1_genomic.fna	26894593	28129203	CP020685.1	GCA_002234675.1_ASM223467v1_genomic.fna	28362460	29586328	+	CP020799.1	21			
1241	CP020799.1	GCA_002234715.1_ASM223471v1_genomic.fna	28130494	29572600	CP020685.1	GCA_002234675.1_ASM223467v1_genomic.fna	29657768	31147120	+	CP020799.1	21			
1242	CP020800.1	GCA_002234715.1_ASM223471v1_genomic.fna	8840	204079	CP020686.1	GCA_002234675.1_ASM223467v1_genomic.fna	192682	400437	+	CP020800.1	22			
1243	CP020800.1	GCA_002234715.1_ASM223471v1_genomic.fna	205172	4617733	CP020686.1	GCA_002234675.1_ASM223467v1_genomic.fna	652740	5131610	+	CP020800.1	22			
1244	CP020800.1	GCA_002234715.1_ASM223471v1_genomic.fna	4671343	5440066	CP020686.1	GCA_002234675.1_ASM223467v1_genomic.fna	5131650	5920628	+	CP020800.1	22			
1245	CP020800.1	GCA_002234715.1_ASM223471v1_genomic.fna	5537216	8531319	CP020686.1	GCA_002234675.1_ASM223467v1_genomic.fna	5965391	8955005	+	CP020800.1	22			
1247	CP020800.1	GCA_002234715.1_ASM223471v1_genomic.fna	8531794	9341038	CP020686.1	GCA_002234675.1_ASM223467v1_genomic.fna	8958796	9787674	+	CP020800.1	22			
1249	CP020800.1	GCA_002234715.1_ASM223471v1_genomic.fna	9341103	13453319	CP020686.1	GCA_002234675.1_ASM223467v1_genomic.fna	9793915	13924808	+	CP020800.1	22			
1251	CP020800.1	GCA_002234715.1_ASM223471v1_genomic.fna	13455271	17001140	CP020686.1	GCA_002234675.1_ASM223467v1_genomic.fna	13926778	17551274	+	CP020800.1	22			
1254	CP020800.1	GCA_002234715.1_ASM223471v1_genomic.fna	17077417	17706896	CP020686.1	GCA_002234675.1_ASM223467v1_genomic.fna	17706965	18348973	+	CP020800.1	22			
1256	CP020800.1	GCA_002234715.1_ASM223471v1_genomic.fna	17714017	18879417	CP020686.1	GCA_002234675.1_ASM223467v1_genomic.fna	18357143	19467208	+	CP020800.1	22			
1258	CP020800.1	GCA_002234715.1_ASM223471v1_genomic.fna	18893024	20321337	CP020686.1	GCA_002234675.1_ASM223467v1_genomic.fna	19472599	20857099	+	CP020800.1	22			
1260	CP020800.1	GCA_002234715.1_ASM223471v1_genomic.fna	20327346	22425593	CP020686.1	GCA_002234675.1_ASM223467v1_genomic.fna	20872197	22905710	+	CP020800.1	22			
1264	CP020800.1	GCA_002234715.1_ASM223471v1_genomic.fna	22511533	25311292	CP020686.1	GCA_002234675.1_ASM223467v1_genomic.fna	23028792	25934629	+	CP020800.1	22			
1266	CP020800.1	GCA_002234715.1_ASM223471v1_genomic.fna	25312779	25666291	CP020686.1	GCA_002234675.1_ASM223467v1_genomic.fna	26429846	26788978	+	CP020800.1	22			
1271	CP020800.1	GCA_002234715.1_ASM223471v1_genomic.fna	25685706	26029698	CP020686.1	GCA_002234675.1_ASM223467v1_genomic.fna	27052712	27387486	+	CP020800.1	22			
1273	CP020800.1	GCA_002234715.1_ASM223471v1_genomic.fna	26031573	26655564	CP020686.1	GCA_002234675.1_ASM223467v1_genomic.fna	27396154	28061244	+	CP020800.1	22			
1274	CP020800.1	GCA_002234715.1_ASM223471v1_genomic.fna	26657780	27024864	CP020686.1	GCA_002234675.1_ASM223467v1_genomic.fna	28221264	28543891	+	CP020800.1	22			
1276	CP020800.1	GCA_002234715.1_ASM223471v1_genomic.fna	27025023	27166834	CP020686.1	GCA_002234675.1_ASM223467v1_genomic.fna	28548456	28715686	+	CP020800.1	22			
1280	CP020801.1	GCA_002234715.1_ASM223471v1_genomic.fna	24996	424289	CP020687.1	GCA_002234675.1_ASM223467v1_genomic.fna	16555	393611	+	CP020801.1	23			
1282	CP020801.1	GCA_002234715.1_ASM223471v1_genomic.fna	427455	701826	CP020687.1	GCA_002234675.1_ASM223467v1_genomic.fna	398195	671490	+	CP020801.1	23			
1287	CP020801.1	GCA_002234715.1_ASM223471v1_genomic.fna	739381	2122034	CP020687.1	GCA_002234675.1_ASM223467v1_genomic.fna	1120528	2525412	+	CP020801.1	23			
1288	CP020801.1	GCA_002234715.1_ASM223471v1_genomic.fna	2202494	2979293	CP020687.1	GCA_002234675.1_ASM223467v1_genomic.fna	2533552	3389804	+	CP020801.1	23			
1289	CP020801.1	GCA_002234715.1_ASM223471v1_genomic.fna	2995133	3279263	CP020687.1	GCA_002234675.1_ASM223467v1_genomic.fna	3458272	3763547	+	CP020801.1	23			
1291	CP020801.1	GCA_002234715.1_ASM223471v1_genomic.fna	3279350	3926921	CP020687.1	GCA_002234675.1_ASM223467v1_genomic.fna	3768885	4344958	+	CP020801.1	23			
1292	CP020801.1	GCA_002234715.1_ASM223471v1_genomic.fna	3999994	4949245	CP020687.1	GCA_002234675.1_ASM223467v1_genomic.fna	4347206	5299606	+	CP020801.1	23			
1294	CP020801.1	GCA_002234715.1_ASM223471v1_genomic.fna	4952763	5155390	CP020687.1	GCA_002234675.1_ASM223467v1_genomic.fna	5305895	5518899	+	CP020801.1	23			
1296	CP020801.1	GCA_002234715.1_ASM223471v1_genomic.fna	5155541	7553838	CP020687.1	GCA_002234675.1_ASM223467v1_genomic.fna	5522658	8012967	+	CP020801.1	23			
1297	CP020801.1	GCA_002234715.1_ASM223471v1_genomic.fna	7557478	7853998	CP020687.1	GCA_002234675.1_ASM223467v1_genomic.fna	8137712	8433001	+	CP020801.1	23			
1299	CP020801.1	GCA_002234715.1_ASM223471v1_genomic.fna	7856078	8296154	CP020687.1	GCA_002234675.1_ASM223467v1_genomic.fna	8444858	8880671	+	CP020801.1	23			
1303	CP020801.1	GCA_002234715.1_ASM223471v1_genomic.fna	8315549	8593670	CP020687.1	GCA_002234675.1_ASM223467v1_genomic.fna	8910292	9189120	+	CP020801.1	23			
1305	CP020801.1	GCA_002234715.1_ASM223471v1_genomic.fna	8596697	8734424	CP020687.1	GCA_002234675.1_ASM223467v1_genomic.fna	9194789	9305636	+	CP020801.1	23			
1307	CP020801.1	GCA_002234715.1_ASM223471v1_genomic.fna	8741033	9122913	CP020687.1	GCA_002234675.1_ASM223467v1_genomic.fna	9309694	9708683	+	CP020801.1	23			
1313	CP020801.1	GCA_002234715.1_ASM223471v1_genomic.fna	9214391	9365879	CP020687.1	GCA_002234675.1_ASM223467v1_genomic.fna	10111735	10292028	+	CP020801.1	23			
1317	CP020801.1	GCA_002234715.1_ASM223471v1_genomic.fna	9383765	10088817	CP020687.1	GCA_002234675.1_ASM223467v1_genomic.fna	10313352	11027526	+	CP020801.1	23			
1319	CP020801.1	GCA_002234715.1_ASM223471v1_genomic.fna	10098317	10236178	CP020687.1	GCA_002234675.1_ASM223467v1_genomic.fna	11034533	11178821	-	CP020801.1	23			
1320	CP020801.1	GCA_002234715.1_ASM223471v1_genomic.fna	10236255	11148436	CP020687.1	GCA_002234675.1_ASM223467v1_genomic.fna	11181924	12156159	+	CP020801.1	23			
1322	CP020801.1	GCA_002234715.1_ASM223471v1_genomic.fna	11150837	11445014	CP020687.1	GCA_002234675.1_ASM223467v1_genomic.fna	12200580	12490460	+	CP020801.1	23			
1323	CP020801.1	GCA_002234715.1_ASM223471v1_genomic.fna	11454428	12144139	CP020687.1	GCA_002234675.1_ASM223467v1_genomic.fna	12585541	13266407	+	CP020801.1	23			
1325	CP020801.1	GCA_002234715.1_ASM223471v1_genomic.fna	12277260	14486965	CP020687.1	GCA_002234675.1_ASM223467v1_genomic.fna	13346108	15542019	+	CP020801.1	23			
1327	CP020801.1	GCA_002234715.1_ASM223471v1_genomic.fna	14487142	14649034	CP020687.1	GCA_002234675.1_ASM223467v1_genomic.fna	15560691	15730600	+	CP020801.1	23			
1329	CP020801.1	GCA_002234715.1_ASM223471v1_genomic.fna	14650888	20543537	CP020687.1	GCA_002234675.1_ASM223467v1_genomic.fna	15732519	21625054	+	CP020801.1	23			
1330	CP020801.1	GCA_002234715.1_ASM223471v1_genomic.fna	20545052	21203999	CP020687.1	GCA_002234675.1_ASM223467v1_genomic.fna	21728220	22385479	+	CP020801.1	23			
1333	CP020801.1	GCA_002234715.1_ASM223471v1_genomic.fna	21210436	22234915	CP020687.1	GCA_002234675.1_ASM223467v1_genomic.fna	22566213	23581225	+	CP020801.1	23			
1334	CP020801.1	GCA_002234715.1_ASM223471v1_genomic.fna	22243606	22527371	CP020687.1	GCA_002234675.1_ASM223467v1_genomic.fna	23701254	23947654	+	CP020801.1	23			
1336	CP020801.1	GCA_002234715.1_ASM223471v1_genomic.fna	22535328	22777902	CP020687.1	GCA_002234675.1_ASM223467v1_genomic.fna	24148001	24389364	+	CP020801.1	23			
1339	CP020802.1	GCA_002234715.1_ASM223471v1_genomic.fna	81833	373608	CP020688.1	GCA_002234675.1_ASM223467v1_genomic.fna	831210	1142265	+	CP020802.1	24			
1341	CP020802.1	GCA_002234715.1_ASM223471v1_genomic.fna	378939	744527	CP020688.1	GCA_002234675.1_ASM223467v1_genomic.fna	1161291	1538874	+	CP020802.1	24			
1343	CP020802.1	GCA_002234715.1_ASM223471v1_genomic.fna	744661	8588951	CP020688.1	GCA_002234675.1_ASM223467v1_genomic.fna	1551054	9468110	+	CP020802.1	24			
1346	CP020796.1	GCA_002234715.1_ASM223471v1_genomic.fna	20143519	20266497	CP020688.1	GCA_002234675.1_ASM223467v1_genomic.fna	9588712	9712139	+	CP020796.1	24			
1349	CP020802.1	GCA_002234715.1_ASM223471v1_genomic.fna	8620261	14015665	CP020688.1	GCA_002234675.1_ASM223467v1_genomic.fna	9813963	15259293	+	CP020802.1	24			
1351	CP020802.1	GCA_002234715.1_ASM223471v1_genomic.fna	13996544	16948131	CP020688.1	GCA_002234675.1_ASM223467v1_genomic.fna	15450305	18349759	+	CP020802.1	24			
1355	CP020802.1	GCA_002234715.1_ASM223471v1_genomic.fna	16963872	20541986	CP020688.1	GCA_002234675.1_ASM223467v1_genomic.fna	18651645	22146479	+	CP020802.1	24			
1356	CP020802.1	GCA_002234715.1_ASM223471v1_genomic.fna	20542824	20676462	CP020688.1	GCA_002234675.1_ASM223467v1_genomic.fna	22241844	22403994	+	CP020802.1	24			
1358	CP020802.1	GCA_002234715.1_ASM223471v1_genomic.fna	20677024	20831793	CP020688.1	GCA_002234675.1_ASM223467v1_genomic.fna	22410642	22556604	+	CP020802.1	24			
1360	CP020802.1	GCA_002234715.1_ASM223471v1_genomic.fna	20837075	21070613	CP020688.1	GCA_002234675.1_ASM223467v1_genomic.fna	22744480	22975274	+	CP020802.1	24			
1364	CP020802.1	GCA_002234715.1_ASM223471v1_genomic.fna	21109044	21356938	CP020688.1	GCA_002234675.1_ASM223467v1_genomic.fna	23001666	23259923	+	CP020802.1	24			
